model,lang,task,kept,sample_id,keep_overall,keep_value,keep_window,keep_question,keep_haystack,keep_overall_high,keep_value_high,keep_window_high,keep_question_high,keep_haystack_high,arm,frac_value_evicted,n_tokens,n_value_tokens,n_question_tokens,depth
qwen25-7b-1m,ko,niah_single,0.5,0,0.49998632073402405,0.8966836756361383,0.8110118995287589,1.0,0.4992191448275532,0.49998632073402405,0.07908163405954838,0.1640873050200753,1.0,0.5008148694677013,qa,0.044642857142857144,36676,7,99,0.0407
qwen25-7b-1m,ko,niah_single,0.5,1,0.5,0.8788265327789954,0.7596966182546956,1.0,0.49933800074671,0.5,0.09311224666557141,0.21111751098318823,1.0,0.5007363986223936,qa,0.05357142857142857,36674,7,98,0.2153
qwen25-7b-1m,ko,niah_single,0.5,2,0.49998632073402405,0.887755104473659,0.5571808453117099,1.0,0.49983896634408403,0.49998632073402405,0.14030612486281566,0.47435410427195684,1.0,0.5000523706632001,qa,0.017857142857142856,36676,7,99,0.9453
qwen25-7b-1m,ko,niah_single,0.5,3,0.49998632073402405,0.9030612264094608,0.6848684214055538,1.0,0.4995048918894359,0.49998632073402405,0.07015306329620737,0.28759398507619544,1.0,0.5005394052714109,qa,0.03571428571428571,36676,7,99,0.1445
qwen25-7b-1m,ko,niah_single,0.5,4,0.5,0.8826530639614377,0.589383848543678,1.0,0.4997770610664572,0.5,0.14668367550309216,0.43887363706848453,1.0,0.5001524596342019,qa,0.026785714285714284,36674,7,98,0.9627
qwen25-7b-1m,ko,niah_single,0.5,5,0.5,0.8928571455180645,0.4618347393614905,1.0,0.5001067364854472,0.5,0.13265306316316128,0.5673144342643874,1.0,0.4998117541628225,qa,0.017857142857142856,36674,7,98,0.876
qwen25-7b-1m,ko,niah_single,0.5,6,0.49998632073402405,0.8941326548478433,0.56343005916902,1.0,0.499819387282644,0.49998632073402405,0.1275510218526636,0.4615885405136006,1.0,0.5000873684350934,qa,0.03571428571428571,36680,7,101,0.9453
qwen25-7b-1m,ko,niah_single,0.5,7,0.49998632073402405,0.8954081663063594,0.5844992473721504,1.0,0.4997616117554052,0.49998632073402405,0.13392857289207832,0.44652060684581685,1.0,0.5001284980348178,qa,0.026785714285714284,36676,7,99,0.6883
qwen25-7b-1m,ko,niah_single,0.5,8,0.49998632073402405,0.8762755123898387,0.5895866762314524,1.0,0.4997677816344159,0.49998632073402405,0.09566326732082027,0.37740770497059983,1.0,0.500285316524761,qa,0.05357142857142857,36676,7,99,0.3404
qwen25-7b-1m,ko,niah_single,0.5,9,0.49998632073402405,0.8877551051388893,0.5334821441876036,1.0,0.49989818994488033,0.49998632073402405,0.14030612459672348,0.4960937507982765,1.0,0.49999657592603136,qa,0.026785714285714284,36680,7,101,0.6302
qwen25-7b-1m,ko,niah_single,0.5,10,0.49998632073402405,0.8852040838184101,0.5995879308985812,1.0,0.499737912522895,0.49998632073402405,0.15433673720274652,0.4370094294260655,1.0,0.5001433983977351,qa,0.026785714285714284,36676,7,99,0.9627
qwen25-7b-1m,ko,niah_single,0.5,11,0.49998632073402405,0.8852040843505945,0.46533614290612085,1.0,0.5000832291053874,0.49998632073402405,0.14923469575920276,0.5627626124769449,1.0,0.499810782660331,qa,0.044642857142857144,36676,7,99,0.876
qwen25-7b-1m,ko,niah_single,0.5,12,0.49998632073402405,0.9017857165474977,0.5393550624804837,1.0,0.49987515567668844,0.49998632073402405,0.12117347081324883,0.4863037432410887,1.0,0.5000249719513314,qa,0.026785714285714284,36676,7,99,0.9055
qwen25-7b-1m,ko,niah_single,0.5,13,0.49998632073402405,0.8966836761683226,0.5737951802355903,1.0,0.49981846208018915,0.49998632073402405,0.1288265327789954,0.4526678148124899,1.0,0.5000939502247742,qa,0.03571428571428571,36676,7,99,0.9222
qwen25-7b-1m,ko,niah_single,0.5,14,0.5,0.8915816353900092,0.8301651286227363,1.0,0.49915836405541214,0.5,0.07908163432564054,0.14218509888243197,1.0,0.5009121144456523,qa,0.03571428571428571,36674,7,98,0.0663
qwen25-7b-1m,ko,niah_single,0.5,15,0.49998632073402405,0.8839285732912165,0.698590227801885,1.0,0.49946915943707737,0.49998632073402405,0.09311224639947925,0.2781015050963366,1.0,0.5005641228386334,qa,0.0625,36676,7,99,0.1445
qwen25-7b-1m,ko,niah_single,0.5,16,0.49998632073402405,0.8750000021287373,0.5606435635792357,1.0,0.4998183771967888,0.49998632073402405,0.09183673653751612,0.4047913740256003,1.0,0.5002499196146216,qa,0.05357142857142857,36676,7,99,0.4415
qwen25-7b-1m,ko,niah_single,0.5,17,0.49998632073402405,0.8852040835523179,0.6691576101418052,1.0,0.4995597507804632,0.49998632073402405,0.09183673640447003,0.3039596249582246,1.0,0.5004806316324643,qa,0.0625,36676,7,99,0.2656
qwen25-7b-1m,ko,niah_single,0.5,18,0.49998632073402405,0.8750000021287373,0.5630304092275245,1.0,0.4998117669352463,0.49998632073402405,0.10076530836522579,0.40602899755218197,1.0,0.5002464942101922,qa,0.044642857142857144,36676,7,99,0.4415
qwen25-7b-1m,ko,niah_single,0.5,19,0.49998632073402405,0.9107142879760691,0.4697128917489733,1.0,0.5000709907284805,0.49998632073402405,0.12755102158657142,0.5646883834685598,1.0,0.4998053964227438,qa,0.026785714285714284,36676,7,99,0.876
qwen25-7b-1m,ko,niah_single,0.5,20,0.5,0.9017857162814055,0.5224654357880354,1.0,0.4999427337731634,0.5,0.12755102238484792,0.5087365553315196,1.0,0.49997773127896444,qa,0.026785714285714284,36674,7,98,0.6302
qwen25-7b-1m,ko,niah_single,0.5,21,0.49998632073402405,0.9043367366705622,0.5797932358192546,1.0,0.49977851126875195,0.49998632073402405,0.11989796108433179,0.45093985001689624,1.0,0.5001140508268561,qa,0.026785714285714284,36676,7,99,0.5149
qwen25-7b-1m,ko,niah_single,0.5,22,0.5,0.8979591869616083,0.5721884439034122,1.0,0.49981399731976645,0.5,0.12244898173958063,0.458396655973047,1.0,0.5001071984214442,qa,0.017857142857142856,36674,7,98,0.515
qwen25-7b-1m,ko,niah_single,0.5,23,0.49998632073402405,0.8788265334442258,0.5907905288040638,1.0,0.4997648434447391,0.49998632073402405,0.0943877569266728,0.3768057794825706,1.0,0.5002867869500603,qa,0.05357142857142857,36676,7,99,0.3404
qwen25-7b-1m,en,niah_single,0.5,0,0.49998486042022705,0.8890306138034377,0.853528900737209,1.0,0.4995346335428102,0.49998486042022705,0.07142857249294009,0.11415816550808293,1.0,0.5004761961421796,qa,0.0625,33089,7,66,0.0309
qwen25-7b-1m,en,niah_single,0.5,1,0.49998486042022705,0.8673469416264977,0.728826543598968,1.0,0.499742060101458,0.49998486042022705,0.09693877771496773,0.24030612911363797,1.0,0.5002603781010423,qa,0.0625,33089,7,66,0.2223
qwen25-7b-1m,en,niah_single,0.5,2,0.5,0.8966836760352764,0.6532738136925867,1.0,0.49980481980102404,0.5,0.14413265511393547,0.38307823866073576,1.0,0.5001488852181605,qa,0.026785714285714284,33091,7,67,0.9346
qwen25-7b-1m,en,niah_single,0.5,3,0.49998486042022705,0.9043367369366544,0.8050595207938126,1.0,0.4996519208486591,0.49998486042022705,0.0612244913354516,0.1644345271633938,1.0,0.5003510641732386,qa,0.03571428571428571,33089,7,66,0.1399
qwen25-7b-1m,en,niah_single,0.5,4,0.49998486042022705,0.8877551051388893,0.7188644837588072,1.0,0.49972605731870445,0.49998486042022705,0.15561224799603224,0.31616301177668255,1.0,0.5002022098217692,qa,0.017857142857142856,33089,7,66,0.9597
qwen25-7b-1m,en,niah_single,0.5,5,0.49998486042022705,0.9068877578579954,0.7363839271877494,1.0,0.4996981636754104,0.49998486042022705,0.12882653304508754,0.2984374997072986,1.0,0.50022928789258,qa,0.017857142857142856,33089,7,66,0.8566
qwen25-7b-1m,en,niah_single,0.5,6,0.49998486042022705,0.9081632678530046,0.6487369356410844,1.0,0.49979994632303715,0.49998486042022705,0.13010204304009676,0.38196863965796574,1.0,0.500131561553904,qa,0.026785714285714284,33089,7,66,0.9346
qwen25-7b-1m,en,niah_single,0.5,7,0.49998486042022705,0.894132656045258,0.6566964273474046,1.0,0.4997948056885174,0.49998486042022705,0.13137755303510598,0.3698660713687007,1.0,0.5001426613224405,qa,0.026785714285714284,33089,7,66,0.6911
qwen25-7b-1m,en,niah_single,0.5,8,0.5,0.8775510230500784,0.7913763025509459,1.0,0.4996377980070455,0.5,0.08673469629138708,0.17465156695938536,1.0,0.5004044324159622,qa,0.044642857142857144,33091,7,67,0.3398
qwen25-7b-1m,en,niah_single,0.5,9,0.49998486042022705,0.9068877575919032,0.705762986892036,1.0,0.49971031344362665,0.49998486042022705,0.13010204277400458,0.3297483771374183,1.0,0.5002119863139731,qa,0.017857142857142856,33089,7,66,0.6238
qwen25-7b-1m,en,niah_single,0.5,10,0.5,0.8903061248628157,0.7225446432296719,1.0,0.499730118151222,0.5,0.13265306382839168,0.2957589303010276,1.0,0.50024768044906,qa,0.017857142857142856,33091,7,67,0.9597
qwen25-7b-1m,en,niah_single,0.5,11,0.49998486042022705,0.8775510235822627,0.7179878021457365,1.0,0.4997138599199908,0.49998486042022705,0.15051020681858063,0.3142421614112599,1.0,0.500215752848557,qa,0.017857142857142856,33089,7,66,0.8566
qwen25-7b-1m,en,niah_single,0.5,12,0.49998486042022705,0.8915816356561014,0.6571428573557309,1.0,0.4997942639248712,0.49998486042022705,0.12372449239982027,0.3613839281190719,1.0,0.5001529497759682,qa,0.026785714285714284,33089,7,66,0.8879
qwen25-7b-1m,en,niah_single,0.5,13,0.5,0.9017857174788203,0.6445578275514501,1.0,0.499815917174731,0.5,0.12627551225679262,0.3822278983425349,1.0,0.5001499682132687,qa,0.017857142857142856,33091,7,67,0.9046
qwen25-7b-1m,en,niah_single,0.5,14,0.49998486042022705,0.8979591858972397,0.8538533858954906,1.0,0.49957718913044247,0.49998486042022705,0.06887755210378341,0.11630639071310205,1.0,0.5004268711698907,qa,0.044642857142857144,33089,7,66,0.0532
qwen25-7b-1m,en,niah_single,0.5,15,0.49998486042022705,0.8724489820056728,0.7926587284143481,1.0,0.4996654542961291,0.49998486042022705,0.09183673613837787,0.17584325635938772,1.0,0.500338610793863,qa,0.0625,33089,7,66,0.1399
qwen25-7b-1m,en,niah_single,0.5,16,0.49998486042022705,0.880102043439235,0.6696428544819355,1.0,0.4997894074767828,0.49998486042022705,0.08163265444870506,0.2885338344079043,1.0,0.5002284600798573,qa,0.044642857142857144,33089,7,66,0.4263
qwen25-7b-1m,en,niah_single,0.5,17,0.49998486042022705,0.8903061245967235,0.5878378344433648,1.0,0.49988631664642263,0.49998486042022705,0.08290816537503685,0.3800675676071218,1.0,0.5001193692109415,qa,0.044642857142857144,33089,7,66,0.2838
qwen25-7b-1m,en,niah_single,0.5,18,0.5,0.8903061249958617,0.6767399421493921,1.0,0.4997910298407078,0.5,0.06760204250791244,0.280906602241365,1.0,0.5002590428505626,qa,0.03571428571428571,33091,7,67,0.4263
qwen25-7b-1m,en,niah_single,0.5,19,0.49998486042022705,0.9056122474638479,0.7390625021819558,1.0,0.4996949162866388,0.49998486042022705,0.127551022517894,0.2957589283385979,1.0,0.5002325347491673,qa,0.017857142857142856,33089,7,66,0.8566
qwen25-7b-1m,en,niah_single,0.5,20,0.49998486042022705,0.9081632675869125,0.7029220783816916,1.0,0.4997141020638602,0.49998486042022705,0.13010204304009676,0.33137175374265226,1.0,0.5002098227185863,qa,0.008928571428571428,33089,7,66,0.6238
qwen25-7b-1m,en,niah_single,0.5,21,0.49998486042022705,0.8864795940795115,0.7219076635582107,1.0,0.4997089872402804,0.49998486042022705,0.0918367366705622,0.2502177700267306,1.0,0.5002953402165856,qa,0.044642857142857144,33089,7,66,0.4842
qwen25-7b-1m,en,niah_single,0.5,22,0.49998486042022705,0.881377554631659,0.7227787428668567,1.0,0.49970790477735655,0.49998486042022705,0.09438775705971889,0.24738675888095582,1.0,0.5002988574228117,qa,0.05357142857142857,33089,7,66,0.4842
qwen25-7b-1m,en,niah_single,0.5,23,0.49998486042022705,0.8864795943456036,0.7907229933355536,1.0,0.49962344153651167,0.49998486042022705,0.07908163485782486,0.17617595847696066,1.0,0.5003873860197408,qa,0.044642857142857144,33089,7,66,0.3398
qwen25-7b-1m,zh,niah_single,0.5,0,0.5,0.8494897987693548,0.7438046668789217,1.0,0.49912939593195915,0.5,0.1288265327789954,0.22886297373666561,1.0,0.5009682056094918,qa,0.07142857142857142,27605,7,63,0.0203
qwen25-7b-1m,zh,niah_single,0.5,1,0.5,0.7933673508731383,0.5543913976954562,1.0,0.49980577427361694,0.5,0.17602041204060828,0.4139030602777244,1.0,0.5003074442169496,qa,0.07142857142857142,27605,7,63,0.1762
qwen25-7b-1m,zh,niah_single,0.5,2,0.5,0.8188775559621198,0.4826127816257732,1.0,0.5000601788716657,0.5,0.22066326878432715,0.5543233092342105,1.0,0.49981197555150303,qa,0.044642857142857144,27605,7,63,0.9425
qwen25-7b-1m,zh,niah_single,0.5,3,0.5,0.8545918396807143,0.699154134573681,1.0,0.49931068399122785,0.5,0.10714286020291704,0.26710526280969915,1.0,0.5008060998682465,qa,0.044642857142857144,27605,7,63,0.1031
qwen25-7b-1m,zh,niah_single,0.5,4,0.5,0.7614795963412949,0.41596096406491206,1.0,0.5002970237817083,0.5,0.26275510686848846,0.6102724395958441,1.0,0.4996102587985141,qa,0.044642857142857144,27605,7,63,0.9607
qwen25-7b-1m,zh,niah_single,0.5,5,0.4999818503856659,0.8099489845335484,0.5832725934950369,1.0,0.49968443465019974,0.4999818503856659,0.21301020735076495,0.4455174927466682,1.0,0.5001763254404068,qa,0.026785714285714284,27606,7,63,0.8462
qwen25-7b-1m,zh,niah_single,0.5,6,0.5,0.8061224530850138,0.5061090242649827,1.0,0.4999788549861738,0.5,0.2257653106270092,0.5226503772927182,1.0,0.499921601531761,qa,0.044642857142857144,27605,7,63,0.9425
qwen25-7b-1m,zh,niah_single,0.5,7,0.5,0.8290816368535161,0.626190480643085,1.0,0.4995862894824573,0.5,0.20918367709964514,0.41438492617869216,1.0,0.5002806827958141,qa,0.026785714285714284,27605,7,63,0.6631
qwen25-7b-1m,zh,niah_single,0.5,8,0.4999818503856659,0.8239795950108341,0.6251920095362168,1.0,0.4995576377425875,0.4999818503856659,0.13903061593217508,0.33266128928101224,1.0,0.5005487238190004,qa,0.0625,27606,7,63,0.2837
qwen25-7b-1m,zh,niah_single,0.5,9,0.5,0.8137755149177143,0.445555123633572,1.0,0.5001824721693993,0.5,0.22831633114921196,0.5941381957381964,1.0,0.49968449026346207,qa,0.017857142857142856,27605,7,63,0.5876
qwen25-7b-1m,zh,niah_single,0.5,10,0.4999818503856659,0.7984693920505899,0.41973489521270885,1.0,0.5002654580665487,0.4999818503856659,0.22193877891238248,0.6043814233105097,1.0,0.4996128755488566,qa,0.026785714285714284,27607,7,64,0.9607
qwen25-7b-1m,zh,niah_single,0.5,11,0.4999818503856659,0.8137755151838064,0.5891955260719571,1.0,0.4996600222906896,0.4999818503856659,0.21045918775988476,0.43885281309485435,1.0,0.5002023601638419,qa,0.026785714285714284,27606,7,63,0.8462
qwen25-7b-1m,zh,niah_single,0.5,12,0.5,0.8086734740063548,0.5588556823453733,1.0,0.49978983242596897,0.5,0.23469388165644237,0.4787718633056751,1.0,0.5000758054000991,qa,0.03571428571428571,27605,7,63,0.891
qwen25-7b-1m,zh,niah_single,0.5,13,0.4999818503856659,0.779336739597576,0.4770275309149708,1.0,0.500062134116888,0.4999818503856659,0.25637755503079723,0.5617559536227158,1.0,0.4997657843466316,qa,0.0625,27607,7,64,0.9092
qwen25-7b-1m,zh,niah_single,0.5,14,0.5,0.8571428599368248,0.7810639866760799,1.0,0.4990169004138027,0.5,0.10969388005988938,0.18526785704307258,1.0,0.5011008639952966,qa,0.044642857142857144,27605,7,63,0.0349
qwen25-7b-1m,zh,niah_single,0.5,15,0.5,0.8278061247297696,0.6988981783922229,1.0,0.49931884264307363,0.5,0.14030612539499998,0.26567249160559314,1.0,0.5008024919245925,qa,0.07142857142857142,27605,7,63,0.1032
qwen25-7b-1m,zh,niah_single,0.5,16,0.5,0.7984693909862212,0.43464652808117016,1.0,0.5002309823674815,0.5,0.17091837099620275,0.5251288499733034,1.0,0.4999111856200865,qa,0.0625,27605,7,63,0.39
qwen25-7b-1m,zh,niah_single,0.5,17,0.5,0.8022959217695254,0.4799812051766951,1.0,0.5000692903995514,0.5,0.16836735140532255,0.48233082754138323,1.0,0.5000611588891063,qa,0.0625,27605,7,63,0.2175
qwen25-7b-1m,zh,niah_single,0.5,18,0.4999818503856659,0.815051024114447,0.44114431499370504,1.0,0.5001919439860752,0.4999818503856659,0.1466836773657373,0.5188593294088995,1.0,0.4999144388628857,qa,0.05357142857142857,27607,7,64,0.39
qwen25-7b-1m,zh,niah_single,0.5,19,0.4999818503856659,0.8367346982870784,0.587842713376241,1.0,0.49966490188879625,0.4999818503856659,0.19005102424749307,0.4375901887459414,1.0,0.5002069159277848,qa,0.017857142857142856,27606,7,63,0.8462
qwen25-7b-1m,zh,niah_single,0.5,20,0.5,0.8252551059371659,0.45017280855349134,1.0,0.5001688211091927,0.5,0.21938775878931796,0.5983102917671204,1.0,0.4996669170047556,qa,0.03571428571428571,27605,7,63,0.5877
qwen25-7b-1m,zh,niah_single,0.5,21,0.5,0.7869897997006774,0.45463564122162226,1.0,0.500163651204535,0.5,0.15943877877933638,0.4933261171432345,1.0,0.5000240741563695,qa,0.07142857142857142,27605,7,63,0.4568
qwen25-7b-1m,zh,niah_single,0.5,22,0.5,0.7959183723266635,0.4499999967603279,1.0,0.5001822018197605,0.5,0.16964286153337785,0.4999107114272192,1.0,0.5000003251646247,qa,0.0625,27605,7,63,0.4568
qwen25-7b-1m,zh,niah_single,0.5,23,0.4999818503856659,0.841836737867977,0.6229838692566513,1.0,0.49956511945596765,0.4999818503856659,0.12372449293200459,0.33208525269791217,1.0,0.5005506774676698,qa,0.0625,27606,7,63,0.2837
