model,arm,task,lang,press,kept,acc,acc_robust,n,delta_robust
llama31-8b,joint,niah_single,en,knorm,0.25,0.16,0.16,100,0.0
llama31-8b,joint,niah_single,en,knorm,0.5,0.7,0.7,100,0.0
llama31-8b,joint,niah_single,en,none,1.0,1.0,1.0,100,0.0
llama31-8b,joint,niah_single,en,snapkv,0.25,1.0,1.0,100,0.0
llama31-8b,joint,niah_single,en,snapkv,0.5,1.0,1.0,100,0.0
llama31-8b,joint,niah_single,en,streaming_llm,0.25,0.28,0.28,100,0.0
llama31-8b,joint,niah_single,en,streaming_llm,0.5,0.46,0.46,100,0.0
llama31-8b,joint,niah_single,ja,knorm,0.25,0.17,0.17,100,0.0
llama31-8b,joint,niah_single,ja,knorm,0.5,0.52,0.52,100,0.0
llama31-8b,joint,niah_single,ja,none,1.0,0.98,0.98,100,0.0
llama31-8b,joint,niah_single,ja,snapkv,0.25,0.98,0.98,100,0.0
llama31-8b,joint,niah_single,ja,snapkv,0.5,0.98,0.98,100,0.0
llama31-8b,joint,niah_single,ja,streaming_llm,0.25,0.26,0.26,100,0.0
llama31-8b,joint,niah_single,ja,streaming_llm,0.5,0.44,0.44,100,0.0
llama31-8b,joint,niah_single,ko,knorm,0.25,0.35,0.41,100,-0.06
llama31-8b,joint,niah_single,ko,knorm,0.5,0.49,0.5,100,-0.01
llama31-8b,joint,niah_single,ko,none,1.0,0.77,0.83,100,-0.06
llama31-8b,joint,niah_single,ko,snapkv,0.25,0.75,0.79,100,-0.04
llama31-8b,joint,niah_single,ko,snapkv,0.5,0.76,0.81,100,-0.05
llama31-8b,joint,niah_single,ko,streaming_llm,0.25,0.15,0.2,100,-0.05
llama31-8b,joint,niah_single,ko,streaming_llm,0.5,0.32,0.38,100,-0.06
llama31-8b,joint,niah_single,pl,knorm,0.25,0.03,0.03,100,0.0
llama31-8b,joint,niah_single,pl,knorm,0.5,0.34,0.34,100,0.0
llama31-8b,joint,niah_single,pl,none,1.0,0.84,0.84,100,0.0
llama31-8b,joint,niah_single,pl,snapkv,0.25,0.83,0.83,100,0.0
llama31-8b,joint,niah_single,pl,snapkv,0.5,0.83,0.83,100,0.0
llama31-8b,joint,niah_single,pl,streaming_llm,0.25,0.13,0.13,100,0.0
llama31-8b,joint,niah_single,pl,streaming_llm,0.5,0.33,0.33,100,0.0
llama31-8b,joint,niah_single,sw,knorm,0.25,0.07,0.07,100,0.0
llama31-8b,joint,niah_single,sw,knorm,0.5,0.62,0.62,100,0.0
llama31-8b,joint,niah_single,sw,none,1.0,0.92,0.92,100,0.0
llama31-8b,joint,niah_single,sw,snapkv,0.25,0.92,0.92,100,0.0
llama31-8b,joint,niah_single,sw,snapkv,0.5,0.92,0.92,100,0.0
llama31-8b,joint,niah_single,sw,streaming_llm,0.25,0.28,0.28,100,0.0
llama31-8b,joint,niah_single,sw,streaming_llm,0.5,0.43,0.43,100,0.0
llama31-8b,joint,niah_single,vi,knorm,0.25,0.02,0.07,100,-0.05
llama31-8b,joint,niah_single,vi,knorm,0.5,0.36,0.36,100,0.0
llama31-8b,joint,niah_single,vi,none,1.0,0.92,0.92,100,0.0
llama31-8b,joint,niah_single,vi,snapkv,0.25,0.93,0.93,100,0.0
llama31-8b,joint,niah_single,vi,snapkv,0.5,0.93,0.93,100,0.0
llama31-8b,joint,niah_single,vi,streaming_llm,0.25,0.24,0.24,100,0.0
llama31-8b,joint,niah_single,vi,streaming_llm,0.5,0.44,0.44,100,0.0
llama31-8b,joint,niah_single,zh,knorm,0.25,0.06,0.06,100,0.0
llama31-8b,joint,niah_single,zh,knorm,0.5,0.4,0.4,100,0.0
llama31-8b,joint,niah_single,zh,none,1.0,0.98,0.98,100,0.0
llama31-8b,joint,niah_single,zh,snapkv,0.25,0.98,0.98,100,0.0
llama31-8b,joint,niah_single,zh,snapkv,0.5,0.98,0.98,100,0.0
llama31-8b,joint,niah_single,zh,streaming_llm,0.25,0.27,0.27,100,0.0
llama31-8b,joint,niah_single,zh,streaming_llm,0.5,0.43,0.43,100,0.0
llama31-8b,qa,niah_none,en,knorm,0.25,0.64,0.63,100,0.01
llama31-8b,qa,niah_none,en,knorm,0.5,0.72,0.72,100,0.0
llama31-8b,qa,niah_none,en,none,1.0,0.63,0.62,100,0.01
llama31-8b,qa,niah_none,en,snapkv,0.25,0.84,0.84,100,0.0
llama31-8b,qa,niah_none,en,snapkv,0.5,0.81,0.81,100,0.0
llama31-8b,qa,niah_none,en,streaming_llm,0.25,0.75,0.75,100,0.0
llama31-8b,qa,niah_none,en,streaming_llm,0.5,0.66,0.65,100,0.01
llama31-8b,qa,niah_none,ja,knorm,0.25,0.42,0.37,100,0.05
llama31-8b,qa,niah_none,ja,knorm,0.5,0.33,0.31,100,0.02
llama31-8b,qa,niah_none,ja,none,1.0,0.51,0.44,100,0.07
llama31-8b,qa,niah_none,ja,snapkv,0.25,0.5,0.49,100,0.01
llama31-8b,qa,niah_none,ja,snapkv,0.5,0.46,0.46,100,0.0
llama31-8b,qa,niah_none,ja,streaming_llm,0.25,0.87,0.87,100,0.0
llama31-8b,qa,niah_none,ja,streaming_llm,0.5,0.69,0.68,100,0.01
llama31-8b,qa,niah_none,ko,knorm,0.25,0.34,0.12,100,0.22
llama31-8b,qa,niah_none,ko,knorm,0.5,0.71,0.08,100,0.63
llama31-8b,qa,niah_none,ko,none,1.0,0.83,0.12,100,0.71
llama31-8b,qa,niah_none,ko,snapkv,0.25,0.32,0.09,100,0.23
llama31-8b,qa,niah_none,ko,snapkv,0.5,0.65,0.11,100,0.54
llama31-8b,qa,niah_none,ko,streaming_llm,0.25,0.38,0.31,100,0.07
llama31-8b,qa,niah_none,ko,streaming_llm,0.5,0.26,0.14,100,0.12
llama31-8b,qa,niah_none,pl,knorm,0.25,0.91,0.9,100,0.01
llama31-8b,qa,niah_none,pl,knorm,0.5,0.94,0.94,100,0.0
llama31-8b,qa,niah_none,pl,none,1.0,0.93,0.91,100,0.02
llama31-8b,qa,niah_none,pl,snapkv,0.25,0.95,0.95,100,0.0
llama31-8b,qa,niah_none,pl,snapkv,0.5,0.97,0.97,100,0.0
llama31-8b,qa,niah_none,pl,streaming_llm,0.25,0.39,0.39,100,0.0
llama31-8b,qa,niah_none,pl,streaming_llm,0.5,0.69,0.68,100,0.01
llama31-8b,qa,niah_none,sw,knorm,0.25,0.0,0.0,100,0.0
llama31-8b,qa,niah_none,sw,knorm,0.5,0.05,0.04,100,0.01
llama31-8b,qa,niah_none,sw,none,1.0,0.21,0.06,100,0.15
llama31-8b,qa,niah_none,sw,snapkv,0.25,0.07,0.05,100,0.02
llama31-8b,qa,niah_none,sw,snapkv,0.5,0.13,0.05,100,0.08
llama31-8b,qa,niah_none,sw,streaming_llm,0.25,0.06,0.03,100,0.03
llama31-8b,qa,niah_none,sw,streaming_llm,0.5,0.02,0.0,100,0.02
llama31-8b,qa,niah_none,vi,knorm,0.25,0.17,0.17,100,0.0
llama31-8b,qa,niah_none,vi,knorm,0.5,0.46,0.46,100,0.0
llama31-8b,qa,niah_none,vi,none,1.0,0.63,0.62,100,0.01
llama31-8b,qa,niah_none,vi,snapkv,0.25,0.76,0.76,100,0.0
llama31-8b,qa,niah_none,vi,snapkv,0.5,0.59,0.58,100,0.01
llama31-8b,qa,niah_none,vi,streaming_llm,0.25,0.68,0.68,100,0.0
llama31-8b,qa,niah_none,vi,streaming_llm,0.5,0.74,0.74,100,0.0
llama31-8b,qa,niah_none,zh,knorm,0.25,0.38,0.38,100,0.0
llama31-8b,qa,niah_none,zh,knorm,0.5,0.18,0.17,100,0.01
llama31-8b,qa,niah_none,zh,none,1.0,0.24,0.22,100,0.02
llama31-8b,qa,niah_none,zh,snapkv,0.25,0.43,0.42,100,0.01
llama31-8b,qa,niah_none,zh,snapkv,0.5,0.17,0.14,100,0.03
llama31-8b,qa,niah_none,zh,streaming_llm,0.25,0.64,0.64,100,0.0
llama31-8b,qa,niah_none,zh,streaming_llm,0.5,0.29,0.28,100,0.01
llama31-8b,qa,niah_single,en,knorm,0.25,0.17,0.17,100,0.0
llama31-8b,qa,niah_single,en,knorm,0.5,0.72,0.72,100,0.0
llama31-8b,qa,niah_single,en,none,1.0,1.0,1.0,100,0.0
llama31-8b,qa,niah_single,en,snapkv,0.25,0.45,0.45,100,0.0
llama31-8b,qa,niah_single,en,snapkv,0.5,0.9,0.9,100,0.0
llama31-8b,qa,niah_single,en,streaming_llm,0.25,0.27,0.27,100,0.0
llama31-8b,qa,niah_single,en,streaming_llm,0.5,0.46,0.46,100,0.0
llama31-8b,qa,niah_single,ja,knorm,0.25,0.17,0.17,100,0.0
llama31-8b,qa,niah_single,ja,knorm,0.5,0.49,0.49,100,0.0
llama31-8b,qa,niah_single,ja,none,1.0,0.98,0.98,100,0.0
llama31-8b,qa,niah_single,ja,snapkv,0.25,0.21,0.21,100,0.0
llama31-8b,qa,niah_single,ja,snapkv,0.5,0.76,0.76,100,0.0
llama31-8b,qa,niah_single,ja,streaming_llm,0.25,0.25,0.25,100,0.0
llama31-8b,qa,niah_single,ja,streaming_llm,0.5,0.45,0.45,100,0.0
llama31-8b,qa,niah_single,ko,knorm,0.25,0.82,0.82,100,0.0
llama31-8b,qa,niah_single,ko,knorm,0.5,0.87,0.87,100,0.0
llama31-8b,qa,niah_single,ko,none,1.0,0.77,0.83,100,-0.06
llama31-8b,qa,niah_single,ko,snapkv,0.25,0.62,0.72,100,-0.1
llama31-8b,qa,niah_single,ko,snapkv,0.5,0.78,0.82,100,-0.04
llama31-8b,qa,niah_single,ko,streaming_llm,0.25,0.21,0.21,100,0.0
llama31-8b,qa,niah_single,ko,streaming_llm,0.5,0.38,0.4,100,-0.02
llama31-8b,qa,niah_single,pl,knorm,0.25,0.04,0.04,100,0.0
llama31-8b,qa,niah_single,pl,knorm,0.5,0.3,0.3,100,0.0
llama31-8b,qa,niah_single,pl,none,1.0,0.84,0.84,100,0.0
llama31-8b,qa,niah_single,pl,snapkv,0.25,0.0,0.0,100,0.0
llama31-8b,qa,niah_single,pl,snapkv,0.5,0.3,0.3,100,0.0
llama31-8b,qa,niah_single,pl,streaming_llm,0.25,0.28,0.28,100,0.0
llama31-8b,qa,niah_single,pl,streaming_llm,0.5,0.49,0.49,100,0.0
llama31-8b,qa,niah_single,sw,knorm,0.25,0.06,0.06,100,0.0
llama31-8b,qa,niah_single,sw,knorm,0.5,0.68,0.68,100,0.0
llama31-8b,qa,niah_single,sw,none,1.0,0.92,0.92,100,0.0
llama31-8b,qa,niah_single,sw,snapkv,0.25,0.9,0.9,100,0.0
llama31-8b,qa,niah_single,sw,snapkv,0.5,0.91,0.91,100,0.0
llama31-8b,qa,niah_single,sw,streaming_llm,0.25,0.27,0.27,100,0.0
llama31-8b,qa,niah_single,sw,streaming_llm,0.5,0.43,0.43,100,0.0
llama31-8b,qa,niah_single,vi,knorm,0.25,0.14,0.14,100,0.0
llama31-8b,qa,niah_single,vi,knorm,0.5,0.79,0.79,100,0.0
llama31-8b,qa,niah_single,vi,none,1.0,0.9,0.9,100,0.0
llama31-8b,qa,niah_single,vi,snapkv,0.25,0.03,0.03,100,0.0
llama31-8b,qa,niah_single,vi,snapkv,0.5,0.14,0.14,100,0.0
llama31-8b,qa,niah_single,vi,streaming_llm,0.25,0.19,0.19,100,0.0
llama31-8b,qa,niah_single,vi,streaming_llm,0.5,0.4,0.4,100,0.0
llama31-8b,qa,niah_single,zh,knorm,0.25,0.05,0.05,100,0.0
llama31-8b,qa,niah_single,zh,knorm,0.5,0.36,0.36,100,0.0
llama31-8b,qa,niah_single,zh,none,1.0,0.98,0.98,100,0.0
llama31-8b,qa,niah_single,zh,snapkv,0.25,0.24,0.24,100,0.0
llama31-8b,qa,niah_single,zh,snapkv,0.5,0.63,0.63,100,0.0
llama31-8b,qa,niah_single,zh,streaming_llm,0.25,0.27,0.27,100,0.0
llama31-8b,qa,niah_single,zh,streaming_llm,0.5,0.43,0.43,100,0.0
qwen25-7b-1m,joint,niah_single,en,knorm,0.25,0.01,0.01,100,0.0
qwen25-7b-1m,joint,niah_single,en,knorm,0.5,0.09,0.09,100,0.0
qwen25-7b-1m,joint,niah_single,en,none,1.0,0.98,0.98,100,0.0
qwen25-7b-1m,joint,niah_single,en,snapkv,0.25,0.98,0.98,100,0.0
qwen25-7b-1m,joint,niah_single,en,snapkv,0.5,0.98,0.98,100,0.0
qwen25-7b-1m,joint,niah_single,en,streaming_llm,0.25,0.27,0.27,100,0.0
qwen25-7b-1m,joint,niah_single,en,streaming_llm,0.5,0.45,0.45,100,0.0
qwen25-7b-1m,joint,niah_single,ja,knorm,0.25,0.01,0.01,100,0.0
qwen25-7b-1m,joint,niah_single,ja,knorm,0.5,0.08,0.08,100,0.0
qwen25-7b-1m,joint,niah_single,ja,none,1.0,0.9,1.0,100,-0.1
qwen25-7b-1m,joint,niah_single,ja,snapkv,0.25,0.92,0.99,100,-0.07
qwen25-7b-1m,joint,niah_single,ja,snapkv,0.5,0.95,1.0,100,-0.05
qwen25-7b-1m,joint,niah_single,ja,streaming_llm,0.25,0.28,0.28,100,0.0
qwen25-7b-1m,joint,niah_single,ja,streaming_llm,0.5,0.45,0.46,100,-0.01
qwen25-7b-1m,joint,niah_single,ko,knorm,0.25,0.05,0.05,100,0.0
qwen25-7b-1m,joint,niah_single,ko,knorm,0.5,0.63,0.63,100,0.0
qwen25-7b-1m,joint,niah_single,ko,none,1.0,1.0,1.0,100,0.0
qwen25-7b-1m,joint,niah_single,ko,snapkv,0.25,1.0,1.0,100,0.0
qwen25-7b-1m,joint,niah_single,ko,snapkv,0.5,0.99,1.0,100,-0.01
qwen25-7b-1m,joint,niah_single,ko,streaming_llm,0.25,0.28,0.28,100,0.0
qwen25-7b-1m,joint,niah_single,ko,streaming_llm,0.5,0.49,0.49,100,0.0
qwen25-7b-1m,joint,niah_single,pl,knorm,0.25,0.01,0.01,100,0.0
qwen25-7b-1m,joint,niah_single,pl,knorm,0.5,0.07,0.07,100,0.0
qwen25-7b-1m,joint,niah_single,pl,none,1.0,1.0,1.0,100,0.0
qwen25-7b-1m,joint,niah_single,pl,snapkv,0.25,1.0,1.0,100,0.0
qwen25-7b-1m,joint,niah_single,pl,snapkv,0.5,1.0,1.0,100,0.0
qwen25-7b-1m,joint,niah_single,pl,streaming_llm,0.25,0.28,0.28,100,0.0
qwen25-7b-1m,joint,niah_single,pl,streaming_llm,0.5,0.49,0.49,100,0.0
qwen25-7b-1m,joint,niah_single,sw,knorm,0.25,0.01,0.01,100,0.0
qwen25-7b-1m,joint,niah_single,sw,knorm,0.5,0.08,0.09,100,-0.01
qwen25-7b-1m,joint,niah_single,sw,none,1.0,0.56,0.57,100,-0.01
qwen25-7b-1m,joint,niah_single,sw,snapkv,0.25,0.48,0.48,100,0.0
qwen25-7b-1m,joint,niah_single,sw,snapkv,0.5,0.59,0.59,100,0.0
qwen25-7b-1m,joint,niah_single,sw,streaming_llm,0.25,0.14,0.16,100,-0.02
qwen25-7b-1m,joint,niah_single,sw,streaming_llm,0.5,0.25,0.25,100,0.0
qwen25-7b-1m,joint,niah_single,vi,knorm,0.25,0.0,0.0,100,0.0
qwen25-7b-1m,joint,niah_single,vi,knorm,0.5,0.11,0.11,100,0.0
qwen25-7b-1m,joint,niah_single,vi,none,1.0,0.96,0.96,100,0.0
qwen25-7b-1m,joint,niah_single,vi,snapkv,0.25,0.96,0.96,100,0.0
qwen25-7b-1m,joint,niah_single,vi,snapkv,0.5,0.96,0.96,100,0.0
qwen25-7b-1m,joint,niah_single,vi,streaming_llm,0.25,0.28,0.28,100,0.0
qwen25-7b-1m,joint,niah_single,vi,streaming_llm,0.5,0.49,0.49,100,0.0
qwen25-7b-1m,joint,niah_single,zh,knorm,0.25,0.0,0.0,100,0.0
qwen25-7b-1m,joint,niah_single,zh,knorm,0.5,0.09,0.09,100,0.0
qwen25-7b-1m,joint,niah_single,zh,none,1.0,0.98,0.98,100,0.0
qwen25-7b-1m,joint,niah_single,zh,snapkv,0.25,0.98,0.98,100,0.0
qwen25-7b-1m,joint,niah_single,zh,snapkv,0.5,0.98,0.98,100,0.0
qwen25-7b-1m,joint,niah_single,zh,streaming_llm,0.25,0.25,0.25,100,0.0
qwen25-7b-1m,joint,niah_single,zh,streaming_llm,0.5,0.42,0.42,100,0.0
qwen25-7b-1m,qa,niah_none,en,knorm,0.25,0.98,0.98,100,0.0
qwen25-7b-1m,qa,niah_none,en,knorm,0.5,0.99,0.99,100,0.0
qwen25-7b-1m,qa,niah_none,en,none,1.0,0.96,0.96,100,0.0
qwen25-7b-1m,qa,niah_none,en,snapkv,0.25,0.97,0.97,100,0.0
qwen25-7b-1m,qa,niah_none,en,snapkv,0.5,0.96,0.96,100,0.0
qwen25-7b-1m,qa,niah_none,en,streaming_llm,0.25,0.95,0.94,100,0.01
qwen25-7b-1m,qa,niah_none,en,streaming_llm,0.5,0.97,0.97,100,0.0
qwen25-7b-1m,qa,niah_none,ja,knorm,0.25,0.93,0.93,100,0.0
qwen25-7b-1m,qa,niah_none,ja,knorm,0.5,0.93,0.92,100,0.01
qwen25-7b-1m,qa,niah_none,ja,none,1.0,0.75,0.71,100,0.04
qwen25-7b-1m,qa,niah_none,ja,snapkv,0.25,0.92,0.92,100,0.0
qwen25-7b-1m,qa,niah_none,ja,snapkv,0.5,0.86,0.86,100,0.0
qwen25-7b-1m,qa,niah_none,ja,streaming_llm,0.25,0.78,0.78,100,0.0
qwen25-7b-1m,qa,niah_none,ja,streaming_llm,0.5,0.57,0.54,100,0.03
qwen25-7b-1m,qa,niah_none,ko,knorm,0.25,0.76,0.76,100,0.0
qwen25-7b-1m,qa,niah_none,ko,knorm,0.5,0.55,0.53,100,0.02
qwen25-7b-1m,qa,niah_none,ko,none,1.0,0.37,0.36,100,0.01
qwen25-7b-1m,qa,niah_none,ko,snapkv,0.25,0.62,0.61,100,0.01
qwen25-7b-1m,qa,niah_none,ko,snapkv,0.5,0.55,0.55,100,0.0
qwen25-7b-1m,qa,niah_none,ko,streaming_llm,0.25,0.57,0.55,100,0.02
qwen25-7b-1m,qa,niah_none,ko,streaming_llm,0.5,0.41,0.4,100,0.01
qwen25-7b-1m,qa,niah_none,pl,knorm,0.25,1.0,1.0,100,0.0
qwen25-7b-1m,qa,niah_none,pl,knorm,0.5,1.0,1.0,100,0.0
qwen25-7b-1m,qa,niah_none,pl,none,1.0,1.0,1.0,100,0.0
qwen25-7b-1m,qa,niah_none,pl,snapkv,0.25,1.0,1.0,100,0.0
qwen25-7b-1m,qa,niah_none,pl,snapkv,0.5,1.0,1.0,100,0.0
qwen25-7b-1m,qa,niah_none,pl,streaming_llm,0.25,1.0,1.0,100,0.0
qwen25-7b-1m,qa,niah_none,pl,streaming_llm,0.5,1.0,1.0,100,0.0
qwen25-7b-1m,qa,niah_none,sw,knorm,0.25,0.9,0.9,100,0.0
qwen25-7b-1m,qa,niah_none,sw,knorm,0.5,0.83,0.83,100,0.0
qwen25-7b-1m,qa,niah_none,sw,none,1.0,0.58,0.49,100,0.09
qwen25-7b-1m,qa,niah_none,sw,snapkv,0.25,0.95,0.94,100,0.01
qwen25-7b-1m,qa,niah_none,sw,snapkv,0.5,0.87,0.85,100,0.02
qwen25-7b-1m,qa,niah_none,sw,streaming_llm,0.25,1.0,0.99,100,0.01
qwen25-7b-1m,qa,niah_none,sw,streaming_llm,0.5,0.93,0.92,100,0.01
qwen25-7b-1m,qa,niah_none,vi,knorm,0.25,0.95,0.95,100,0.0
qwen25-7b-1m,qa,niah_none,vi,knorm,0.5,0.9,0.9,100,0.0
qwen25-7b-1m,qa,niah_none,vi,none,1.0,0.9,0.9,100,0.0
qwen25-7b-1m,qa,niah_none,vi,snapkv,0.25,0.98,0.98,100,0.0
qwen25-7b-1m,qa,niah_none,vi,snapkv,0.5,0.91,0.91,100,0.0
qwen25-7b-1m,qa,niah_none,vi,streaming_llm,0.25,0.98,0.97,100,0.01
qwen25-7b-1m,qa,niah_none,vi,streaming_llm,0.5,0.96,0.96,100,0.0
qwen25-7b-1m,qa,niah_none,zh,knorm,0.25,1.0,1.0,100,0.0
qwen25-7b-1m,qa,niah_none,zh,knorm,0.5,0.99,0.99,100,0.0
qwen25-7b-1m,qa,niah_none,zh,none,1.0,0.94,0.94,100,0.0
qwen25-7b-1m,qa,niah_none,zh,snapkv,0.25,0.99,0.99,100,0.0
qwen25-7b-1m,qa,niah_none,zh,snapkv,0.5,0.97,0.97,100,0.0
qwen25-7b-1m,qa,niah_none,zh,streaming_llm,0.25,0.98,0.98,100,0.0
qwen25-7b-1m,qa,niah_none,zh,streaming_llm,0.5,0.97,0.97,100,0.0
qwen25-7b-1m,qa,niah_single,en,knorm,0.25,0.02,0.02,100,0.0
qwen25-7b-1m,qa,niah_single,en,knorm,0.5,0.04,0.04,100,0.0
qwen25-7b-1m,qa,niah_single,en,none,1.0,0.98,0.98,100,0.0
qwen25-7b-1m,qa,niah_single,en,snapkv,0.25,0.07,0.07,100,0.0
qwen25-7b-1m,qa,niah_single,en,snapkv,0.5,0.37,0.37,100,0.0
qwen25-7b-1m,qa,niah_single,en,streaming_llm,0.25,0.27,0.27,100,0.0
qwen25-7b-1m,qa,niah_single,en,streaming_llm,0.5,0.45,0.45,100,0.0
qwen25-7b-1m,qa,niah_single,ja,knorm,0.25,0.03,0.03,100,0.0
qwen25-7b-1m,qa,niah_single,ja,knorm,0.5,0.07,0.07,100,0.0
qwen25-7b-1m,qa,niah_single,ja,none,1.0,0.96,1.0,100,-0.04
qwen25-7b-1m,qa,niah_single,ja,snapkv,0.25,0.06,0.06,100,0.0
qwen25-7b-1m,qa,niah_single,ja,snapkv,0.5,0.16,0.17,100,-0.01
qwen25-7b-1m,qa,niah_single,ja,streaming_llm,0.25,0.28,0.28,100,0.0
qwen25-7b-1m,qa,niah_single,ja,streaming_llm,0.5,0.46,0.46,100,0.0
qwen25-7b-1m,qa,niah_single,ko,knorm,0.25,0.04,0.04,100,0.0
qwen25-7b-1m,qa,niah_single,ko,knorm,0.5,0.64,0.64,100,0.0
qwen25-7b-1m,qa,niah_single,ko,none,1.0,1.0,1.0,100,0.0
qwen25-7b-1m,qa,niah_single,ko,snapkv,0.25,0.73,0.73,100,0.0
qwen25-7b-1m,qa,niah_single,ko,snapkv,0.5,0.94,0.94,100,0.0
qwen25-7b-1m,qa,niah_single,ko,streaming_llm,0.25,0.27,0.28,100,-0.01
qwen25-7b-1m,qa,niah_single,ko,streaming_llm,0.5,0.48,0.49,100,-0.01
qwen25-7b-1m,qa,niah_single,pl,knorm,0.25,0.01,0.01,100,0.0
qwen25-7b-1m,qa,niah_single,pl,knorm,0.5,0.19,0.19,100,0.0
qwen25-7b-1m,qa,niah_single,pl,none,1.0,0.99,0.99,100,0.0
qwen25-7b-1m,qa,niah_single,pl,snapkv,0.25,0.04,0.04,100,0.0
qwen25-7b-1m,qa,niah_single,pl,snapkv,0.5,0.44,0.44,100,0.0
qwen25-7b-1m,qa,niah_single,pl,streaming_llm,0.25,0.28,0.28,100,0.0
qwen25-7b-1m,qa,niah_single,pl,streaming_llm,0.5,0.49,0.49,100,0.0
qwen25-7b-1m,qa,niah_single,sw,knorm,0.25,0.0,0.0,100,0.0
qwen25-7b-1m,qa,niah_single,sw,knorm,0.5,0.0,0.0,100,0.0
qwen25-7b-1m,qa,niah_single,sw,none,1.0,0.48,0.49,100,-0.01
qwen25-7b-1m,qa,niah_single,sw,snapkv,0.25,0.08,0.09,100,-0.01
qwen25-7b-1m,qa,niah_single,sw,snapkv,0.5,0.23,0.24,100,-0.01
qwen25-7b-1m,qa,niah_single,sw,streaming_llm,0.25,0.07,0.1,100,-0.03
qwen25-7b-1m,qa,niah_single,sw,streaming_llm,0.5,0.11,0.12,100,-0.01
qwen25-7b-1m,qa,niah_single,vi,knorm,0.25,0.02,0.02,100,0.0
qwen25-7b-1m,qa,niah_single,vi,knorm,0.5,0.11,0.11,100,0.0
qwen25-7b-1m,qa,niah_single,vi,none,1.0,0.96,0.96,100,0.0
qwen25-7b-1m,qa,niah_single,vi,snapkv,0.25,0.0,0.0,100,0.0
qwen25-7b-1m,qa,niah_single,vi,snapkv,0.5,0.06,0.06,100,0.0
qwen25-7b-1m,qa,niah_single,vi,streaming_llm,0.25,0.29,0.29,100,0.0
qwen25-7b-1m,qa,niah_single,vi,streaming_llm,0.5,0.5,0.5,100,0.0
qwen25-7b-1m,qa,niah_single,zh,knorm,0.25,0.0,0.0,100,0.0
qwen25-7b-1m,qa,niah_single,zh,knorm,0.5,0.06,0.06,100,0.0
qwen25-7b-1m,qa,niah_single,zh,none,1.0,0.98,0.98,100,0.0
qwen25-7b-1m,qa,niah_single,zh,snapkv,0.25,0.11,0.11,100,0.0
qwen25-7b-1m,qa,niah_single,zh,snapkv,0.5,0.36,0.36,100,0.0
qwen25-7b-1m,qa,niah_single,zh,streaming_llm,0.25,0.27,0.27,100,0.0
qwen25-7b-1m,qa,niah_single,zh,streaming_llm,0.5,0.43,0.43,100,0.0
