model,arm,task,lang,press,kept,drop,d_false_absence,d_wrong_number,d_other,share_false_absence,share_wrong_number,share_other,d_false_presence_distractor,d_false_presence_hallucinated,share_false_presence_distractor,share_false_presence_hallucinated
llama31-8b,joint,niah_single,en,knorm,0.25,0.84,0.03,0.81,0.0,0.03571428571428571,0.9642857142857144,0.0,,,,
llama31-8b,joint,niah_single,ja,knorm,0.25,0.8099999999999999,0.06,0.75,0.0,0.07407407407407407,0.925925925925926,0.0,,,,
llama31-8b,joint,niah_single,ko,knorm,0.25,0.42000000000000004,0.42000000000000004,0.0,0.0,1.0,0.0,0.0,,,,
llama31-8b,joint,niah_single,pl,knorm,0.25,0.8099999999999999,0.4099999999999999,0.39,0.01,0.5061728395061728,0.4814814814814815,0.01234567901234568,,,,
llama31-8b,joint,niah_single,sw,knorm,0.25,0.8500000000000001,0.07,0.6799999999999999,0.1,0.08235294117647059,0.7999999999999998,0.11764705882352941,,,,
llama31-8b,joint,niah_single,vi,knorm,0.25,0.9,0.79,0.11,0.0,0.8777777777777778,0.12222222222222222,0.0,,,,
llama31-8b,joint,niah_single,zh,knorm,0.25,0.9199999999999999,0.09999999999999999,0.82,0.0,0.10869565217391304,0.8913043478260869,0.0,,,,
llama31-8b,joint,niah_single,en,knorm,0.5,0.30000000000000004,0.01,0.29,0.0,0.033333333333333326,0.9666666666666665,0.0,,,,
llama31-8b,joint,niah_single,ja,knorm,0.5,0.45999999999999996,0.009999999999999998,0.45,0.0,0.021739130434782608,0.9782608695652175,0.0,,,,
llama31-8b,joint,niah_single,ko,knorm,0.5,0.28,0.29000000000000004,-0.01,0.0,1.0357142857142858,-0.03571428571428571,0.0,,,,
llama31-8b,joint,niah_single,pl,knorm,0.5,0.49999999999999994,0.1,0.4,0.0,0.20000000000000004,0.8000000000000002,0.0,,,,
llama31-8b,joint,niah_single,sw,knorm,0.5,0.30000000000000004,0.019999999999999997,0.17,0.11,0.06666666666666665,0.5666666666666667,0.36666666666666664,,,,
llama31-8b,joint,niah_single,vi,knorm,0.5,0.56,0.42,0.14,0.0,0.7499999999999999,0.25,0.0,,,,
llama31-8b,joint,niah_single,zh,knorm,0.5,0.58,0.030000000000000002,0.55,0.0,0.05172413793103449,0.9482758620689656,0.0,,,,
llama31-8b,joint,niah_single,en,snapkv,0.25,-0.0,0.0,0.0,0.0,,,,,,,
llama31-8b,joint,niah_single,ja,snapkv,0.25,-0.0,0.0,0.0,0.0,,,,,,,
llama31-8b,joint,niah_single,ko,snapkv,0.25,0.020000000000000018,0.0,0.02,0.0,0.0,0.9999999999999991,0.0,,,,
llama31-8b,joint,niah_single,pl,snapkv,0.25,0.010000000000000009,0.010000000000000009,0.0,0.0,1.0,0.0,0.0,,,,
llama31-8b,joint,niah_single,sw,snapkv,0.25,-0.0,0.0,0.010000000000000009,-0.01,,,,,,,
llama31-8b,joint,niah_single,vi,snapkv,0.25,-0.010000000000000009,-0.009999999999999995,0.0,0.0,,,,,,,
llama31-8b,joint,niah_single,zh,snapkv,0.25,-0.0,0.0,0.0,0.0,,,,,,,
llama31-8b,joint,niah_single,en,snapkv,0.5,-0.0,0.0,0.0,0.0,,,,,,,
llama31-8b,joint,niah_single,ja,snapkv,0.5,-0.0,0.0,0.0,0.0,,,,,,,
llama31-8b,joint,niah_single,ko,snapkv,0.5,0.010000000000000009,0.0,0.009999999999999998,0.0,0.0,0.999999999999999,0.0,,,,
llama31-8b,joint,niah_single,pl,snapkv,0.5,0.010000000000000009,0.010000000000000009,0.0,0.0,1.0,0.0,0.0,,,,
llama31-8b,joint,niah_single,sw,snapkv,0.5,-0.0,0.0,0.0,0.0,,,,,,,
llama31-8b,joint,niah_single,vi,snapkv,0.5,-0.010000000000000009,-0.009999999999999995,0.0,0.0,,,,,,,
llama31-8b,joint,niah_single,zh,snapkv,0.5,-0.0,0.0,0.0,0.0,,,,,,,
llama31-8b,joint,niah_single,en,streaming_llm,0.25,0.72,0.11,0.48,0.13,0.1527777777777778,0.6666666666666666,0.18055555555555558,,,,
llama31-8b,joint,niah_single,ja,streaming_llm,0.25,0.72,0.06999999999999999,0.62,0.03,0.09722222222222221,0.8611111111111112,0.041666666666666664,,,,
llama31-8b,joint,niah_single,ko,streaming_llm,0.25,0.62,0.5800000000000001,0.02,0.02,0.9354838709677421,0.03225806451612903,0.03225806451612903,,,,
llama31-8b,joint,niah_single,pl,streaming_llm,0.25,0.71,0.24999999999999997,0.34,0.12,0.352112676056338,0.4788732394366198,0.16901408450704225,,,,
llama31-8b,joint,niah_single,sw,streaming_llm,0.25,0.64,0.58,0.07,-0.01,0.9062499999999999,0.10937500000000001,-0.015625,,,,
llama31-8b,joint,niah_single,vi,streaming_llm,0.25,0.68,0.13,0.55,0.0,0.19117647058823528,0.8088235294117647,0.0,,,,
llama31-8b,joint,niah_single,zh,streaming_llm,0.25,0.71,0.27999999999999997,0.24,0.19,0.39436619718309857,0.3380281690140845,0.26760563380281693,,,,
llama31-8b,joint,niah_single,en,streaming_llm,0.5,0.54,0.1,0.32,0.12,0.18518518518518517,0.5925925925925926,0.2222222222222222,,,,
llama31-8b,joint,niah_single,ja,streaming_llm,0.5,0.54,0.05,0.47,0.02,0.09259259259259259,0.8703703703703702,0.037037037037037035,,,,
llama31-8b,joint,niah_single,ko,streaming_llm,0.5,0.45,0.38,0.039999999999999994,0.03,0.8444444444444444,0.08888888888888888,0.06666666666666667,,,,
llama31-8b,joint,niah_single,pl,streaming_llm,0.5,0.51,0.15,0.31,0.05,0.29411764705882354,0.6078431372549019,0.09803921568627451,,,,
llama31-8b,joint,niah_single,sw,streaming_llm,0.5,0.49000000000000005,0.45999999999999996,0.010000000000000009,0.019999999999999997,0.9387755102040815,0.020408163265306138,0.040816326530612235,,,,
llama31-8b,joint,niah_single,vi,streaming_llm,0.5,0.48000000000000004,0.16999999999999998,0.29,0.02,0.35416666666666663,0.6041666666666666,0.041666666666666664,,,,
llama31-8b,joint,niah_single,zh,streaming_llm,0.5,0.55,0.26999999999999996,0.06,0.22,0.4909090909090908,0.10909090909090907,0.39999999999999997,,,,
llama31-8b,qa,niah_none,en,knorm,0.25,-0.010000000000000009,,,0.0,,,,-0.27,0.26,,
llama31-8b,qa,niah_none,ja,knorm,0.25,0.09000000000000002,,,0.01,,,0.11111111111111108,-0.31,0.39,-3.4444444444444433,4.333333333333332
llama31-8b,qa,niah_none,ko,knorm,0.25,0.48999999999999994,,,0.0,,,0.0,0.47,0.02,0.9591836734693878,0.04081632653061225
llama31-8b,qa,niah_none,pl,knorm,0.25,0.020000000000000018,,,0.0,,,0.0,-0.060000000000000005,0.08,-2.999999999999998,3.9999999999999964
llama31-8b,qa,niah_none,sw,knorm,0.25,0.21,,,0.060000000000000005,,,0.28571428571428575,-0.56,0.71,-2.666666666666667,3.380952380952381
llama31-8b,qa,niah_none,vi,knorm,0.25,0.45999999999999996,,,0.0,,,0.0,-0.16,0.62,-0.3478260869565218,1.3478260869565217
llama31-8b,qa,niah_none,zh,knorm,0.25,-0.14,,,-0.01,,,,-0.64,0.51,,
llama31-8b,qa,niah_none,en,knorm,0.5,-0.08999999999999997,,,0.0,,,,-0.19,0.1,,
llama31-8b,qa,niah_none,ja,knorm,0.5,0.18,,,0.0,,,0.0,0.010000000000000009,0.17,0.05555555555555561,0.9444444444444445
llama31-8b,qa,niah_none,ko,knorm,0.5,0.12,,,0.01,,,0.08333333333333334,0.11000000000000001,0.0,0.9166666666666669,0.0
llama31-8b,qa,niah_none,pl,knorm,0.5,-0.009999999999999898,,,0.0,,,,-0.04000000000000001,0.03,,
llama31-8b,qa,niah_none,sw,knorm,0.5,0.15999999999999998,,,0.57,,,3.5625000000000004,-0.5800000000000001,0.16999999999999998,-3.625000000000001,1.0625
llama31-8b,qa,niah_none,vi,knorm,0.5,0.16999999999999998,,,0.0,,,0.0,0.06,0.11,0.35294117647058826,0.6470588235294118
llama31-8b,qa,niah_none,zh,knorm,0.5,0.06,,,0.009999999999999998,,,0.16666666666666666,-0.22999999999999998,0.28,-3.833333333333333,4.666666666666667
llama31-8b,qa,niah_none,en,snapkv,0.25,-0.20999999999999996,,,0.0,,,,-0.32,0.11,,
llama31-8b,qa,niah_none,ja,snapkv,0.25,0.010000000000000009,,,0.01,,,0.9999999999999991,-0.42,0.42,-41.999999999999964,41.999999999999964
llama31-8b,qa,niah_none,ko,snapkv,0.25,0.51,,,0.04,,,0.0784313725490196,0.43999999999999995,0.03,0.8627450980392156,0.058823529411764705
llama31-8b,qa,niah_none,pl,snapkv,0.25,-0.019999999999999907,,,0.0,,,,-0.05,0.03,,
llama31-8b,qa,niah_none,sw,snapkv,0.25,0.13999999999999999,,,-0.01,,,-0.07142857142857144,0.15000000000000002,0.0,1.0714285714285716,0.0
llama31-8b,qa,niah_none,vi,snapkv,0.25,-0.13,,,0.0,,,,-0.33999999999999997,0.21,,
llama31-8b,qa,niah_none,zh,snapkv,0.25,-0.19,,,0.11,,,,-0.6,0.3,,
llama31-8b,qa,niah_none,en,snapkv,0.5,-0.18000000000000005,,,0.0,,,,-0.22999999999999998,0.05,,
llama31-8b,qa,niah_none,ja,snapkv,0.5,0.04999999999999999,,,0.01,,,0.20000000000000004,-0.10999999999999999,0.15,-2.2,3.0000000000000004
llama31-8b,qa,niah_none,ko,snapkv,0.5,0.17999999999999994,,,0.0,,,0.0,0.18000000000000002,0.0,1.0000000000000004,0.0
llama31-8b,qa,niah_none,pl,snapkv,0.5,-0.039999999999999925,,,0.0,,,,-0.05,0.01,,
llama31-8b,qa,niah_none,sw,snapkv,0.5,0.07999999999999999,,,-0.01,,,-0.12500000000000003,0.08999999999999997,0.0,1.1249999999999998,0.0
llama31-8b,qa,niah_none,vi,snapkv,0.5,0.040000000000000036,,,0.02,,,0.49999999999999956,-0.32,0.34,-7.999999999999993,8.499999999999993
llama31-8b,qa,niah_none,zh,snapkv,0.5,0.06999999999999998,,,0.02,,,0.2857142857142858,-0.24,0.29,-3.4285714285714293,4.142857142857144
llama31-8b,qa,niah_none,en,streaming_llm,0.25,-0.12,,,0.0,,,,-0.19,0.07,,
llama31-8b,qa,niah_none,ja,streaming_llm,0.25,-0.36,,,0.0,,,,-0.37,0.01,,
llama31-8b,qa,niah_none,ko,streaming_llm,0.25,0.44999999999999996,,,0.01,,,0.022222222222222227,0.36,0.08,0.8,0.1777777777777778
llama31-8b,qa,niah_none,pl,streaming_llm,0.25,0.54,,,0.22,,,0.4074074074074074,0.16,0.16,0.2962962962962963,0.2962962962962963
llama31-8b,qa,niah_none,sw,streaming_llm,0.25,0.15,,,0.0,,,0.0,-0.20999999999999996,0.36,-1.4,2.4
llama31-8b,qa,niah_none,vi,streaming_llm,0.25,-0.050000000000000044,,,0.0,,,,-0.13999999999999999,0.09,,
llama31-8b,qa,niah_none,zh,streaming_llm,0.25,-0.4,,,-0.01,,,,-0.41,0.02,,
llama31-8b,qa,niah_none,en,streaming_llm,0.5,-0.030000000000000027,,,0.0,,,,-0.09999999999999998,0.07,,
llama31-8b,qa,niah_none,ja,streaming_llm,0.5,-0.17999999999999994,,,0.0,,,,-0.18,0.0,,
llama31-8b,qa,niah_none,ko,streaming_llm,0.5,0.57,,,0.0,,,0.0,0.5599999999999999,0.01,0.9824561403508771,0.01754385964912281
llama31-8b,qa,niah_none,pl,streaming_llm,0.5,0.2400000000000001,,,0.0,,,0.0,0.15,0.09,0.6249999999999997,0.37499999999999983
llama31-8b,qa,niah_none,sw,streaming_llm,0.5,0.19,,,0.01,,,0.05263157894736842,0.14,0.04,0.736842105263158,0.21052631578947367
llama31-8b,qa,niah_none,vi,streaming_llm,0.5,-0.10999999999999999,,,0.0,,,,-0.13,0.02,,
llama31-8b,qa,niah_none,zh,streaming_llm,0.5,-0.04999999999999999,,,-0.02,,,,-0.040000000000000036,0.01,,
llama31-8b,qa,niah_single,en,knorm,0.25,0.83,0.06,0.77,0.0,0.07228915662650602,0.9277108433734941,0.0,,,,
llama31-8b,qa,niah_single,ja,knorm,0.25,0.8099999999999999,0.15000000000000002,0.66,0.0,0.18518518518518523,0.8148148148148149,0.0,,,,
llama31-8b,qa,niah_single,ko,knorm,0.25,-0.04999999999999993,-0.06,0.009999999999999998,0.0,,,,,,,
llama31-8b,qa,niah_single,pl,knorm,0.25,0.7999999999999999,0.28,0.52,0.0,0.3500000000000001,0.65,0.0,,,,
llama31-8b,qa,niah_single,sw,knorm,0.25,0.8600000000000001,0.0,0.78,0.08,0.0,0.9069767441860465,0.09302325581395347,,,,
llama31-8b,qa,niah_single,vi,knorm,0.25,0.76,-0.1,0.86,0.0,-0.13157894736842105,1.131578947368421,0.0,,,,
llama31-8b,qa,niah_single,zh,knorm,0.25,0.9299999999999999,0.26,0.67,0.0,0.2795698924731183,0.7204301075268819,0.0,,,,
llama31-8b,qa,niah_single,en,knorm,0.5,0.28,0.0,0.28,0.0,0.0,1.0,0.0,,,,
llama31-8b,qa,niah_single,ja,knorm,0.5,0.49,0.06,0.43,0.0,0.12244897959183673,0.8775510204081632,0.0,,,,
llama31-8b,qa,niah_single,ko,knorm,0.5,-0.09999999999999998,-0.09,-0.01,0.0,,,,,,,
llama31-8b,qa,niah_single,pl,knorm,0.5,0.54,0.09,0.45,0.0,0.16666666666666666,0.8333333333333333,0.0,,,,
llama31-8b,qa,niah_single,sw,knorm,0.5,0.24,-0.01,0.21000000000000002,0.04,-0.04166666666666667,0.8750000000000001,0.16666666666666669,,,,
llama31-8b,qa,niah_single,vi,knorm,0.5,0.10999999999999999,-0.08,0.19,0.0,-0.7272727272727274,1.7272727272727275,0.0,,,,
llama31-8b,qa,niah_single,zh,knorm,0.5,0.62,0.02,0.6,0.0,0.03225806451612903,0.9677419354838709,0.0,,,,
llama31-8b,qa,niah_single,en,snapkv,0.25,0.55,0.36,0.18,0.01,0.6545454545454544,0.3272727272727272,0.01818181818181818,,,,
llama31-8b,qa,niah_single,ja,snapkv,0.25,0.77,0.22,0.55,0.0,0.2857142857142857,0.7142857142857143,0.0,,,,
llama31-8b,qa,niah_single,ko,snapkv,0.25,0.15000000000000002,0.1,0.05,0.0,0.6666666666666666,0.3333333333333333,0.0,,,,
llama31-8b,qa,niah_single,pl,snapkv,0.25,0.84,0.64,0.2,0.0,0.761904761904762,0.2380952380952381,0.0,,,,
llama31-8b,qa,niah_single,sw,snapkv,0.25,0.020000000000000018,0.049999999999999996,-0.019999999999999997,-0.01,2.499999999999998,-0.999999999999999,-0.49999999999999956,,,,
llama31-8b,qa,niah_single,vi,snapkv,0.25,0.87,0.7000000000000001,0.17,0.0,0.8045977011494254,0.19540229885057472,0.0,,,,
llama31-8b,qa,niah_single,zh,snapkv,0.25,0.74,0.53,0.12,0.09,0.7162162162162162,0.16216216216216217,0.12162162162162161,,,,
llama31-8b,qa,niah_single,en,snapkv,0.5,0.09999999999999998,0.05,0.05,0.0,0.5000000000000001,0.5000000000000001,0.0,,,,
llama31-8b,qa,niah_single,ja,snapkv,0.5,0.21999999999999997,0.05,0.17,0.0,0.22727272727272732,0.7727272727272729,0.0,,,,
llama31-8b,qa,niah_single,ko,snapkv,0.5,-0.010000000000000009,-0.04999999999999999,0.039999999999999994,0.0,,,,,,,
llama31-8b,qa,niah_single,pl,snapkv,0.5,0.54,0.37,0.17,0.0,0.6851851851851851,0.3148148148148148,0.0,,,,
llama31-8b,qa,niah_single,sw,snapkv,0.5,0.010000000000000009,0.01,0.010000000000000009,-0.01,0.9999999999999991,1.0,-0.9999999999999991,,,,
llama31-8b,qa,niah_single,vi,snapkv,0.5,0.76,0.49,0.24,0.03,0.6447368421052632,0.3157894736842105,0.039473684210526314,,,,
llama31-8b,qa,niah_single,zh,snapkv,0.5,0.35,0.11,0.21,0.03,0.31428571428571433,0.6,0.08571428571428572,,,,
llama31-8b,qa,niah_single,en,streaming_llm,0.25,0.73,0.56,0.16,0.01,0.767123287671233,0.21917808219178084,0.013698630136986302,,,,
llama31-8b,qa,niah_single,ja,streaming_llm,0.25,0.73,0.71,0.02,0.0,0.9726027397260274,0.027397260273972605,0.0,,,,
llama31-8b,qa,niah_single,ko,streaming_llm,0.25,0.56,0.36,0.19,0.01,0.6428571428571428,0.33928571428571425,0.017857142857142856,,,,
llama31-8b,qa,niah_single,pl,streaming_llm,0.25,0.5599999999999999,-0.16,0.2,0.52,-0.28571428571428575,0.3571428571428572,0.9285714285714287,,,,
llama31-8b,qa,niah_single,sw,streaming_llm,0.25,0.65,0.09000000000000001,0.51,0.049999999999999996,0.13846153846153847,0.7846153846153846,0.07692307692307691,,,,
llama31-8b,qa,niah_single,vi,streaming_llm,0.25,0.71,0.51,0.2,0.0,0.7183098591549296,0.28169014084507044,0.0,,,,
llama31-8b,qa,niah_single,zh,streaming_llm,0.25,0.71,0.63,0.03,0.05,0.8873239436619719,0.04225352112676056,0.07042253521126761,,,,
llama31-8b,qa,niah_single,en,streaming_llm,0.5,0.54,0.36,0.18,0.0,0.6666666666666666,0.3333333333333333,0.0,,,,
llama31-8b,qa,niah_single,ja,streaming_llm,0.5,0.53,0.48,0.05,0.0,0.9056603773584905,0.09433962264150944,0.0,,,,
llama31-8b,qa,niah_single,ko,streaming_llm,0.5,0.39,0.27,0.12000000000000001,0.0,0.6923076923076923,0.3076923076923077,0.0,,,,
llama31-8b,qa,niah_single,pl,streaming_llm,0.5,0.35,-0.16,0.49,0.02,-0.4571428571428572,1.4000000000000001,0.05714285714285715,,,,
llama31-8b,qa,niah_single,sw,streaming_llm,0.5,0.49000000000000005,0.019999999999999997,0.37,0.1,0.040816326530612235,0.7551020408163265,0.20408163265306123,,,,
llama31-8b,qa,niah_single,vi,streaming_llm,0.5,0.5,0.4,0.1,0.0,0.8,0.2,0.0,,,,
llama31-8b,qa,niah_single,zh,streaming_llm,0.5,0.55,0.44999999999999996,0.1,0.0,0.818181818181818,0.18181818181818182,0.0,,,,
qwen25-7b-1m,joint,niah_single,en,knorm,0.25,0.97,0.009999999999999998,0.96,0.0,0.010309278350515462,0.9896907216494846,0.0,,,,
qwen25-7b-1m,joint,niah_single,ja,knorm,0.25,0.89,0.15,0.64,0.1,0.16853932584269662,0.7191011235955056,0.11235955056179776,,,,
qwen25-7b-1m,joint,niah_single,ko,knorm,0.25,0.95,0.03,0.92,0.0,0.031578947368421054,0.9684210526315791,0.0,,,,
qwen25-7b-1m,joint,niah_single,pl,knorm,0.25,0.99,0.2,0.73,0.06,0.20202020202020204,0.7373737373737373,0.06060606060606061,,,,
qwen25-7b-1m,joint,niah_single,sw,knorm,0.25,0.55,-0.38,0.54,0.39,-0.6909090909090908,0.9818181818181818,0.7090909090909091,,,,
qwen25-7b-1m,joint,niah_single,vi,knorm,0.25,0.96,-0.010000000000000002,0.97,0.0,-0.01041666666666667,1.0104166666666667,0.0,,,,
qwen25-7b-1m,joint,niah_single,zh,knorm,0.25,0.98,0.23,0.67,0.08,0.23469387755102042,0.6836734693877552,0.0816326530612245,,,,
qwen25-7b-1m,joint,niah_single,en,knorm,0.5,0.89,0.0,0.89,0.0,0.0,1.0,0.0,,,,
qwen25-7b-1m,joint,niah_single,ja,knorm,0.5,0.8200000000000001,-0.08,0.9,0.0,-0.09756097560975609,1.097560975609756,0.0,,,,
qwen25-7b-1m,joint,niah_single,ko,knorm,0.5,0.37,0.0,0.37,0.0,0.0,1.0,0.0,,,,
qwen25-7b-1m,joint,niah_single,pl,knorm,0.5,0.9299999999999999,0.05,0.88,0.0,0.05376344086021506,0.946236559139785,0.0,,,,
qwen25-7b-1m,joint,niah_single,sw,knorm,0.5,0.48000000000000004,-0.39,0.76,0.11,-0.8125,1.5833333333333333,0.22916666666666666,,,,
qwen25-7b-1m,joint,niah_single,vi,knorm,0.5,0.85,-0.03,0.88,0.0,-0.03529411764705882,1.035294117647059,0.0,,,,
qwen25-7b-1m,joint,niah_single,zh,knorm,0.5,0.89,0.030000000000000002,0.83,0.03,0.033707865168539325,0.9325842696629213,0.033707865168539325,,,,
qwen25-7b-1m,joint,niah_single,en,snapkv,0.25,-0.0,0.0,0.0,0.0,,,,,,,
qwen25-7b-1m,joint,niah_single,ja,snapkv,0.25,-0.020000000000000018,-0.03,0.01,0.0,,,,,,,
qwen25-7b-1m,joint,niah_single,ko,snapkv,0.25,-0.0,0.0,0.0,0.0,,,,,,,
qwen25-7b-1m,joint,niah_single,pl,snapkv,0.25,-0.0,0.0,0.0,0.0,,,,,,,
qwen25-7b-1m,joint,niah_single,sw,snapkv,0.25,0.08000000000000007,0.02999999999999997,0.05,0.0,0.37499999999999933,0.6249999999999994,0.0,,,,
qwen25-7b-1m,joint,niah_single,vi,snapkv,0.25,-0.0,0.0,0.0,0.0,,,,,,,
qwen25-7b-1m,joint,niah_single,zh,snapkv,0.25,-0.0,0.0,0.0,0.0,,,,,,,
qwen25-7b-1m,joint,niah_single,en,snapkv,0.5,-0.0,0.0,0.0,0.0,,,,,,,
qwen25-7b-1m,joint,niah_single,ja,snapkv,0.5,-0.04999999999999993,-0.05,0.0,0.0,,,,,,,
qwen25-7b-1m,joint,niah_single,ko,snapkv,0.5,0.010000000000000009,0.01,0.0,0.0,0.9999999999999991,0.0,0.0,,,,
qwen25-7b-1m,joint,niah_single,pl,snapkv,0.5,-0.0,0.0,0.0,0.0,,,,,,,
qwen25-7b-1m,joint,niah_single,sw,snapkv,0.5,-0.029999999999999916,-0.03999999999999998,0.01,0.0,,,,,,,
qwen25-7b-1m,joint,niah_single,vi,snapkv,0.5,-0.0,0.0,0.0,0.0,,,,,,,
qwen25-7b-1m,joint,niah_single,zh,snapkv,0.5,-0.0,0.0,0.0,0.0,,,,,,,
qwen25-7b-1m,joint,niah_single,en,streaming_llm,0.25,0.71,0.08,0.6,0.03,0.11267605633802817,0.8450704225352113,0.04225352112676056,,,,
qwen25-7b-1m,joint,niah_single,ja,streaming_llm,0.25,0.62,-0.010000000000000009,0.6,0.03,-0.01612903225806453,0.9677419354838709,0.04838709677419355,,,,
qwen25-7b-1m,joint,niah_single,ko,streaming_llm,0.25,0.72,0.12,0.56,0.04,0.16666666666666666,0.7777777777777779,0.05555555555555556,,,,
qwen25-7b-1m,joint,niah_single,pl,streaming_llm,0.25,0.72,0.04,0.65,0.03,0.05555555555555556,0.9027777777777778,0.041666666666666664,,,,
qwen25-7b-1m,joint,niah_single,sw,streaming_llm,0.25,0.42000000000000004,0.41,0.01,0.0,0.976190476190476,0.023809523809523808,0.0,,,,
qwen25-7b-1m,joint,niah_single,vi,streaming_llm,0.25,0.6799999999999999,0.060000000000000005,0.49,0.13,0.08823529411764708,0.7205882352941178,0.1911764705882353,,,,
qwen25-7b-1m,joint,niah_single,zh,streaming_llm,0.25,0.73,0.54,0.19,0.0,0.7397260273972603,0.2602739726027397,0.0,,,,
qwen25-7b-1m,joint,niah_single,en,streaming_llm,0.5,0.53,0.039999999999999994,0.42,0.07,0.07547169811320753,0.7924528301886792,0.1320754716981132,,,,
qwen25-7b-1m,joint,niah_single,ja,streaming_llm,0.5,0.45,0.04999999999999999,0.37,0.03,0.11111111111111108,0.8222222222222222,0.06666666666666667,,,,
qwen25-7b-1m,joint,niah_single,ko,streaming_llm,0.5,0.51,0.13,0.36,0.02,0.2549019607843137,0.7058823529411764,0.0392156862745098,,,,
qwen25-7b-1m,joint,niah_single,pl,streaming_llm,0.5,0.51,0.04,0.41,0.06,0.0784313725490196,0.8039215686274509,0.11764705882352941,,,,
qwen25-7b-1m,joint,niah_single,sw,streaming_llm,0.5,0.31000000000000005,0.29,0.02,0.0,0.9354838709677417,0.06451612903225805,0.0,,,,
qwen25-7b-1m,joint,niah_single,vi,streaming_llm,0.5,0.47,0.060000000000000005,0.34,0.07,0.12765957446808512,0.723404255319149,0.14893617021276598,,,,
qwen25-7b-1m,joint,niah_single,zh,streaming_llm,0.5,0.56,0.44,0.12,0.0,0.7857142857142857,0.21428571428571425,0.0,,,,
qwen25-7b-1m,qa,niah_none,en,knorm,0.25,-0.020000000000000018,,,0.0,,,,-0.04,0.02,,
qwen25-7b-1m,qa,niah_none,ja,knorm,0.25,-0.18000000000000005,,,-0.01,,,,-0.24,0.07,,
qwen25-7b-1m,qa,niah_none,ko,knorm,0.25,-0.39,,,-0.02,,,,-0.57,0.2,,
qwen25-7b-1m,qa,niah_none,pl,knorm,0.25,-0.0,,,0.0,,,,0.0,0.0,,
qwen25-7b-1m,qa,niah_none,sw,knorm,0.25,-0.32000000000000006,,,0.04,,,,-0.35,-0.009999999999999995,,
qwen25-7b-1m,qa,niah_none,vi,knorm,0.25,-0.04999999999999993,,,0.0,,,,-0.1,0.05,,
qwen25-7b-1m,qa,niah_none,zh,knorm,0.25,-0.06000000000000005,,,0.0,,,,-0.06,0.0,,
qwen25-7b-1m,qa,niah_none,en,knorm,0.5,-0.030000000000000027,,,0.0,,,,-0.03,0.0,,
qwen25-7b-1m,qa,niah_none,ja,knorm,0.5,-0.18000000000000005,,,-0.01,,,,-0.22999999999999998,0.06,,
qwen25-7b-1m,qa,niah_none,ko,knorm,0.5,-0.18000000000000005,,,-0.01,,,,-0.18,0.01,,
qwen25-7b-1m,qa,niah_none,pl,knorm,0.5,-0.0,,,0.0,,,,0.0,0.0,,
qwen25-7b-1m,qa,niah_none,sw,knorm,0.5,-0.25,,,0.14,,,,-0.35,-0.039999999999999994,,
qwen25-7b-1m,qa,niah_none,vi,knorm,0.5,-0.0,,,0.0,,,,-0.07,0.07,,
qwen25-7b-1m,qa,niah_none,zh,knorm,0.5,-0.050000000000000044,,,0.0,,,,-0.049999999999999996,0.0,,
qwen25-7b-1m,qa,niah_none,en,snapkv,0.25,-0.010000000000000009,,,0.0,,,,-0.03,0.02,,
qwen25-7b-1m,qa,niah_none,ja,snapkv,0.25,-0.17000000000000004,,,0.01,,,,-0.24,0.06,,
qwen25-7b-1m,qa,niah_none,ko,snapkv,0.25,-0.25,,,0.0,,,,-0.32,0.07,,
qwen25-7b-1m,qa,niah_none,pl,snapkv,0.25,-0.0,,,0.0,,,,0.0,0.0,,
qwen25-7b-1m,qa,niah_none,sw,snapkv,0.25,-0.37,,,0.01,,,,-0.32,-0.06,,
qwen25-7b-1m,qa,niah_none,vi,snapkv,0.25,-0.07999999999999996,,,0.0,,,,-0.09000000000000001,0.01,,
qwen25-7b-1m,qa,niah_none,zh,snapkv,0.25,-0.050000000000000044,,,0.0,,,,-0.06,0.01,,
qwen25-7b-1m,qa,niah_none,en,snapkv,0.5,-0.0,,,0.0,,,,-0.02,0.02,,
qwen25-7b-1m,qa,niah_none,ja,snapkv,0.5,-0.10999999999999999,,,0.0,,,,-0.22,0.11,,
qwen25-7b-1m,qa,niah_none,ko,snapkv,0.5,-0.18000000000000005,,,0.0,,,,-0.18,0.0,,
qwen25-7b-1m,qa,niah_none,pl,snapkv,0.5,-0.0,,,0.0,,,,0.0,0.0,,
qwen25-7b-1m,qa,niah_none,sw,snapkv,0.5,-0.29000000000000004,,,0.0,,,,-0.25,-0.039999999999999994,,
qwen25-7b-1m,qa,niah_none,vi,snapkv,0.5,-0.010000000000000009,,,0.01,,,,-0.09000000000000001,0.07,,
qwen25-7b-1m,qa,niah_none,zh,snapkv,0.5,-0.030000000000000027,,,0.0,,,,-0.06,0.03,,
qwen25-7b-1m,qa,niah_none,en,streaming_llm,0.25,0.010000000000000009,,,0.0,,,0.0,0.010000000000000002,0.0,0.9999999999999993,0.0
qwen25-7b-1m,qa,niah_none,ja,streaming_llm,0.25,-0.030000000000000027,,,0.1,,,,-0.13,0.0,,
qwen25-7b-1m,qa,niah_none,ko,streaming_llm,0.25,-0.19999999999999996,,,-0.01,,,,-0.19,0.0,,
qwen25-7b-1m,qa,niah_none,pl,streaming_llm,0.25,-0.0,,,0.0,,,,0.0,0.0,,
qwen25-7b-1m,qa,niah_none,sw,streaming_llm,0.25,-0.42000000000000004,,,0.0,,,,-0.36,-0.06,,
qwen25-7b-1m,qa,niah_none,vi,streaming_llm,0.25,-0.07999999999999996,,,0.0,,,,-0.08,0.0,,
qwen25-7b-1m,qa,niah_none,zh,streaming_llm,0.25,-0.040000000000000036,,,0.0,,,,-0.039999999999999994,0.0,,
qwen25-7b-1m,qa,niah_none,en,streaming_llm,0.5,-0.010000000000000009,,,0.0,,,,-0.010000000000000002,0.0,,
qwen25-7b-1m,qa,niah_none,ja,streaming_llm,0.5,0.18000000000000005,,,0.29,,,1.6111111111111105,-0.12,0.01,-0.6666666666666664,0.05555555555555554
qwen25-7b-1m,qa,niah_none,ko,streaming_llm,0.5,-0.03999999999999998,,,0.0,,,,-0.040000000000000036,0.0,,
qwen25-7b-1m,qa,niah_none,pl,streaming_llm,0.5,-0.0,,,0.0,,,,0.0,0.0,,
qwen25-7b-1m,qa,niah_none,sw,streaming_llm,0.5,-0.3500000000000001,,,0.03,,,,-0.32,-0.06,,
qwen25-7b-1m,qa,niah_none,vi,streaming_llm,0.5,-0.05999999999999994,,,0.0,,,,-0.060000000000000005,0.0,,
qwen25-7b-1m,qa,niah_none,zh,streaming_llm,0.5,-0.030000000000000027,,,0.0,,,,-0.03,0.0,,
qwen25-7b-1m,qa,niah_single,en,knorm,0.25,0.96,0.37,0.59,0.0,0.3854166666666667,0.6145833333333334,0.0,,,,
qwen25-7b-1m,qa,niah_single,ja,knorm,0.25,0.9299999999999999,0.58,0.35,0.0,0.6236559139784946,0.3763440860215054,0.0,,,,
qwen25-7b-1m,qa,niah_single,ko,knorm,0.25,0.96,0.09,0.87,0.0,0.09375,0.90625,0.0,,,,
qwen25-7b-1m,qa,niah_single,pl,knorm,0.25,0.98,0.61,0.37,0.0,0.6224489795918368,0.37755102040816324,0.0,,,,
qwen25-7b-1m,qa,niah_single,sw,knorm,0.25,0.48,0.38,0.01,0.09,0.7916666666666667,0.020833333333333336,0.1875,,,,
qwen25-7b-1m,qa,niah_single,vi,knorm,0.25,0.94,0.33,0.61,0.0,0.3510638297872341,0.648936170212766,0.0,,,,
qwen25-7b-1m,qa,niah_single,zh,knorm,0.25,0.98,0.72,0.26,0.0,0.7346938775510204,0.2653061224489796,0.0,,,,
qwen25-7b-1m,qa,niah_single,en,knorm,0.5,0.94,0.25,0.69,0.0,0.26595744680851063,0.7340425531914894,0.0,,,,
qwen25-7b-1m,qa,niah_single,ja,knorm,0.5,0.8899999999999999,0.049999999999999996,0.84,0.0,0.056179775280898875,0.9438202247191012,0.0,,,,
qwen25-7b-1m,qa,niah_single,ko,knorm,0.5,0.36,0.0,0.36,0.0,0.0,1.0,0.0,,,,
qwen25-7b-1m,qa,niah_single,pl,knorm,0.5,0.8,0.04,0.76,0.0,0.049999999999999996,0.95,0.0,,,,
qwen25-7b-1m,qa,niah_single,sw,knorm,0.5,0.48,0.41000000000000003,0.04,0.03,0.8541666666666667,0.08333333333333334,0.0625,,,,
qwen25-7b-1m,qa,niah_single,vi,knorm,0.5,0.85,0.0,0.85,0.0,0.0,1.0,0.0,,,,
qwen25-7b-1m,qa,niah_single,zh,knorm,0.5,0.9199999999999999,0.29,0.63,0.0,0.31521739130434784,0.6847826086956522,0.0,,,,
qwen25-7b-1m,qa,niah_single,en,snapkv,0.25,0.9099999999999999,0.15000000000000002,0.74,0.02,0.16483516483516486,0.8131868131868133,0.02197802197802198,,,,
qwen25-7b-1m,qa,niah_single,ja,snapkv,0.25,0.8999999999999999,0.33,0.55,0.02,0.3666666666666667,0.6111111111111113,0.022222222222222227,,,,
qwen25-7b-1m,qa,niah_single,ko,snapkv,0.25,0.27,0.07,0.2,0.0,0.25925925925925924,0.7407407407407407,0.0,,,,
qwen25-7b-1m,qa,niah_single,pl,snapkv,0.25,0.95,0.6799999999999999,0.27,0.0,0.7157894736842105,0.2842105263157895,0.0,,,,
qwen25-7b-1m,qa,niah_single,sw,snapkv,0.25,0.39999999999999997,0.37,0.01,0.02,0.925,0.025,0.05,,,,
qwen25-7b-1m,qa,niah_single,vi,snapkv,0.25,0.96,0.76,0.2,0.0,0.7916666666666667,0.20833333333333334,0.0,,,,
qwen25-7b-1m,qa,niah_single,zh,snapkv,0.25,0.87,0.47,0.4,0.0,0.5402298850574713,0.4597701149425288,0.0,,,,
qwen25-7b-1m,qa,niah_single,en,snapkv,0.5,0.61,0.009999999999999998,0.6,0.0,0.016393442622950817,0.9836065573770492,0.0,,,,
qwen25-7b-1m,qa,niah_single,ja,snapkv,0.5,0.7999999999999999,0.12,0.67,0.01,0.15,0.8375000000000001,0.0125,,,,
qwen25-7b-1m,qa,niah_single,ko,snapkv,0.5,0.06000000000000005,0.01,0.05,0.0,0.16666666666666652,0.8333333333333326,0.0,,,,
qwen25-7b-1m,qa,niah_single,pl,snapkv,0.5,0.55,0.18,0.37,0.0,0.3272727272727272,0.6727272727272726,0.0,,,,
qwen25-7b-1m,qa,niah_single,sw,snapkv,0.5,0.24999999999999997,0.25,0.0,0.0,1.0000000000000002,0.0,0.0,,,,
qwen25-7b-1m,qa,niah_single,vi,snapkv,0.5,0.8999999999999999,0.24000000000000002,0.66,0.0,0.2666666666666667,0.7333333333333334,0.0,,,,
qwen25-7b-1m,qa,niah_single,zh,snapkv,0.5,0.62,0.11,0.51,0.0,0.1774193548387097,0.8225806451612904,0.0,,,,
qwen25-7b-1m,qa,niah_single,en,streaming_llm,0.25,0.71,0.69,0.02,0.0,0.9718309859154929,0.028169014084507043,0.0,,,,
qwen25-7b-1m,qa,niah_single,ja,streaming_llm,0.25,0.6799999999999999,0.63,0.0,0.05,0.9264705882352942,0.0,0.0735294117647059,,,,
qwen25-7b-1m,qa,niah_single,ko,streaming_llm,0.25,0.73,0.73,0.0,0.0,1.0,0.0,0.0,,,,
qwen25-7b-1m,qa,niah_single,pl,streaming_llm,0.25,0.71,0.71,0.0,0.0,1.0,0.0,0.0,,,,
qwen25-7b-1m,qa,niah_single,sw,streaming_llm,0.25,0.41,0.41000000000000003,0.0,0.0,1.0000000000000002,0.0,0.0,,,,
qwen25-7b-1m,qa,niah_single,vi,streaming_llm,0.25,0.6699999999999999,0.6699999999999999,0.0,0.0,1.0,0.0,0.0,,,,
qwen25-7b-1m,qa,niah_single,zh,streaming_llm,0.25,0.71,0.71,0.0,0.0,1.0,0.0,0.0,,,,
qwen25-7b-1m,qa,niah_single,en,streaming_llm,0.5,0.53,0.53,0.0,0.0,1.0,0.0,0.0,,,,
qwen25-7b-1m,qa,niah_single,ja,streaming_llm,0.5,0.49999999999999994,0.29000000000000004,0.0,0.21,0.5800000000000002,0.0,0.42000000000000004,,,,
qwen25-7b-1m,qa,niah_single,ko,streaming_llm,0.5,0.52,0.51,0.0,0.01,0.9807692307692307,0.0,0.019230769230769232,,,,
qwen25-7b-1m,qa,niah_single,pl,streaming_llm,0.5,0.5,0.5,0.0,0.0,1.0,0.0,0.0,,,,
qwen25-7b-1m,qa,niah_single,sw,streaming_llm,0.5,0.37,0.37,0.0,0.0,1.0,0.0,0.0,,,,
qwen25-7b-1m,qa,niah_single,vi,streaming_llm,0.5,0.45999999999999996,0.46,0.0,0.0,1.0000000000000002,0.0,0.0,,,,
qwen25-7b-1m,qa,niah_single,zh,streaming_llm,0.5,0.55,0.5499999999999999,0.0,0.0,0.9999999999999998,0.0,0.0,,,,
