model,arm,task,press,kept,lang,n_answered,n_exact_copy,n_near_copy,n_novel,n_distractor_exact,exact_rate,near_rate,near_ci_low,near_ci_high,novel_rate,novel_ci_low,novel_ci_high,n_target_near_truncation,n_target_near_prefix,n_any_exact,n_any_near,n_any_novel,any_novel_rate,any_novel_ci_low,any_novel_ci_high
llama31-8b,joint,niah_single,knorm,0.25,en,86.0,19.0,63.0,4.0,0.0,0.2209,0.7326,0.6305,0.8147,0.0465,0.0182,0.1136,61.0,61.0,19.0,66.0,6.0,0.0698,0.0324,0.144
llama31-8b,joint,niah_single,knorm,0.25,ja,80.0,19.0,58.0,3.0,0.0,0.2375,0.725,0.6186,0.8108,0.0375,0.0128,0.1045,52.0,52.0,19.0,60.0,3.0,0.0375,0.0128,0.1045
llama31-8b,joint,niah_single,knorm,0.25,ko,42.0,42.0,0.0,0.0,0.0,1.0,0.0,0.0,0.0838,0.0,0.0,0.0838,0.0,0.0,42.0,0.0,0.0,0.0,0.0,0.0838
llama31-8b,joint,niah_single,knorm,0.25,pl,56.0,3.0,52.0,1.0,0.0,0.0536,0.9286,0.8302,0.9719,0.0179,0.0032,0.0945,52.0,52.0,3.0,52.0,1.0,0.0179,0.0032,0.0945
llama31-8b,joint,niah_single,knorm,0.25,sw,38.0,7.0,30.0,1.0,0.0,0.1842,0.7895,0.6365,0.8893,0.0263,0.0047,0.135,28.0,28.0,7.0,30.0,3.0,0.0789,0.0272,0.208
llama31-8b,joint,niah_single,knorm,0.25,vi,20.0,7.0,13.0,0.0,0.0,0.35,0.65,0.4329,0.8188,0.0,0.0,0.1611,13.0,13.0,7.0,13.0,0.0,0.0,0.0,0.1611
llama31-8b,joint,niah_single,knorm,0.25,zh,54.0,6.0,40.0,8.0,0.0,0.1111,0.7407,0.6107,0.8388,0.1481,0.077,0.266,37.0,37.0,6.0,40.0,8.0,0.1481,0.077,0.266
llama31-8b,joint,niah_single,knorm,0.5,en,98.0,70.0,28.0,0.0,0.0,0.7143,0.2857,0.2057,0.3819,0.0,0.0,0.0377,28.0,28.0,70.0,28.0,0.0,0.0,0.0,0.0377
llama31-8b,joint,niah_single,knorm,0.5,ja,96.0,52.0,44.0,0.0,0.0,0.5417,0.4583,0.3622,0.5577,0.0,0.0,0.0385,43.0,43.0,52.0,44.0,1.0,0.0104,0.0018,0.0567
llama31-8b,joint,niah_single,knorm,0.5,ko,50.0,50.0,0.0,0.0,0.0,1.0,0.0,0.0,0.0714,0.0,0.0,0.0714,0.0,0.0,50.0,0.0,0.0,0.0,0.0,0.0714
llama31-8b,joint,niah_single,knorm,0.5,pl,82.0,35.0,47.0,0.0,0.0,0.4268,0.5732,0.4652,0.6746,0.0,0.0,0.0448,47.0,47.0,35.0,48.0,0.0,0.0,0.0,0.0448
llama31-8b,joint,niah_single,knorm,0.5,sw,85.0,63.0,20.0,2.0,0.0,0.7412,0.2353,0.1578,0.3357,0.0235,0.0065,0.0818,19.0,19.0,63.0,20.0,3.0,0.0353,0.0121,0.0987
llama31-8b,joint,niah_single,knorm,0.5,vi,50.0,37.0,13.0,0.0,0.0,0.74,0.26,0.1587,0.3955,0.0,0.0,0.0714,13.0,13.0,37.0,13.0,0.0,0.0,0.0,0.0714
llama31-8b,joint,niah_single,knorm,0.5,zh,92.0,40.0,50.0,2.0,0.0,0.4348,0.5435,0.442,0.6415,0.0217,0.006,0.0758,50.0,50.0,40.0,50.0,2.0,0.0217,0.006,0.0758
llama31-8b,joint,niah_single,none,1.0,en,100.0,100.0,0.0,0.0,0.0,1.0,0.0,0.0,0.037,0.0,0.0,0.037,0.0,0.0,100.0,0.0,0.0,0.0,0.0,0.037
llama31-8b,joint,niah_single,none,1.0,ja,98.0,98.0,0.0,0.0,0.0,1.0,0.0,0.0,0.0377,0.0,0.0,0.0377,0.0,0.0,98.0,0.0,0.0,0.0,0.0,0.0377
llama31-8b,joint,niah_single,none,1.0,ko,85.0,85.0,0.0,0.0,0.0,1.0,0.0,0.0,0.0432,0.0,0.0,0.0432,0.0,0.0,85.0,0.0,0.0,0.0,0.0,0.0432
llama31-8b,joint,niah_single,none,1.0,pl,84.0,84.0,0.0,0.0,0.0,1.0,0.0,0.0,0.0437,0.0,0.0,0.0437,0.0,0.0,84.0,0.0,0.0,0.0,0.0,0.0437
llama31-8b,joint,niah_single,none,1.0,sw,97.0,97.0,0.0,0.0,0.0,1.0,0.0,0.0,0.0381,0.0,0.0,0.0381,0.0,0.0,97.0,0.0,0.0,0.0,0.0,0.0381
llama31-8b,joint,niah_single,none,1.0,vi,92.0,92.0,0.0,0.0,0.0,1.0,0.0,0.0,0.0401,0.0,0.0,0.0401,0.0,0.0,92.0,0.0,0.0,0.0,0.0,0.0401
llama31-8b,joint,niah_single,none,1.0,zh,98.0,98.0,0.0,0.0,0.0,1.0,0.0,0.0,0.0377,0.0,0.0,0.0377,0.0,0.0,98.0,0.0,0.0,0.0,0.0,0.0377
llama31-8b,joint,niah_single,snapkv,0.25,en,100.0,100.0,0.0,0.0,0.0,1.0,0.0,0.0,0.037,0.0,0.0,0.037,0.0,0.0,100.0,0.0,0.0,0.0,0.0,0.037
llama31-8b,joint,niah_single,snapkv,0.25,ja,98.0,98.0,0.0,0.0,0.0,1.0,0.0,0.0,0.0377,0.0,0.0,0.0377,0.0,0.0,98.0,0.0,0.0,0.0,0.0,0.0377
llama31-8b,joint,niah_single,snapkv,0.25,ko,81.0,81.0,0.0,0.0,0.0,1.0,0.0,0.0,0.0453,0.0,0.0,0.0453,1.0,1.0,81.0,1.0,0.0,0.0,0.0,0.0453
llama31-8b,joint,niah_single,snapkv,0.25,pl,83.0,83.0,0.0,0.0,0.0,1.0,0.0,0.0,0.0442,0.0,0.0,0.0442,0.0,0.0,83.0,0.0,0.0,0.0,0.0,0.0442
llama31-8b,joint,niah_single,snapkv,0.25,sw,98.0,98.0,0.0,0.0,0.0,1.0,0.0,0.0,0.0377,0.0,0.0,0.0377,0.0,0.0,98.0,0.0,0.0,0.0,0.0,0.0377
llama31-8b,joint,niah_single,snapkv,0.25,vi,93.0,93.0,0.0,0.0,0.0,1.0,0.0,0.0,0.0397,0.0,0.0,0.0397,0.0,0.0,93.0,0.0,0.0,0.0,0.0,0.0397
llama31-8b,joint,niah_single,snapkv,0.25,zh,98.0,98.0,0.0,0.0,0.0,1.0,0.0,0.0,0.0377,0.0,0.0,0.0377,0.0,0.0,98.0,0.0,0.0,0.0,0.0,0.0377
llama31-8b,joint,niah_single,snapkv,0.5,en,100.0,100.0,0.0,0.0,0.0,1.0,0.0,0.0,0.037,0.0,0.0,0.037,0.0,0.0,100.0,0.0,0.0,0.0,0.0,0.037
llama31-8b,joint,niah_single,snapkv,0.5,ja,98.0,98.0,0.0,0.0,0.0,1.0,0.0,0.0,0.0377,0.0,0.0,0.0377,0.0,0.0,98.0,0.0,0.0,0.0,0.0,0.0377
llama31-8b,joint,niah_single,snapkv,0.5,ko,83.0,83.0,0.0,0.0,0.0,1.0,0.0,0.0,0.0442,0.0,0.0,0.0442,0.0,0.0,83.0,0.0,0.0,0.0,0.0,0.0442
llama31-8b,joint,niah_single,snapkv,0.5,pl,83.0,83.0,0.0,0.0,0.0,1.0,0.0,0.0,0.0442,0.0,0.0,0.0442,0.0,0.0,83.0,0.0,0.0,0.0,0.0,0.0442
llama31-8b,joint,niah_single,snapkv,0.5,sw,97.0,97.0,0.0,0.0,0.0,1.0,0.0,0.0,0.0381,0.0,0.0,0.0381,0.0,0.0,97.0,0.0,0.0,0.0,0.0,0.0381
llama31-8b,joint,niah_single,snapkv,0.5,vi,93.0,93.0,0.0,0.0,0.0,1.0,0.0,0.0,0.0397,0.0,0.0,0.0397,0.0,0.0,93.0,0.0,0.0,0.0,0.0,0.0397
llama31-8b,joint,niah_single,snapkv,0.5,zh,98.0,98.0,0.0,0.0,0.0,1.0,0.0,0.0,0.0377,0.0,0.0,0.0377,0.0,0.0,98.0,0.0,0.0,0.0,0.0,0.0377
llama31-8b,joint,niah_single,streaming_llm,0.25,en,29.0,28.0,0.0,1.0,0.0,0.9655,0.0,0.0,0.117,0.0345,0.0061,0.1718,0.0,0.0,28.0,0.0,1.0,0.0345,0.0061,0.1718
llama31-8b,joint,niah_single,streaming_llm,0.25,ja,28.0,26.0,0.0,2.0,0.0,0.9286,0.0,0.0,0.1206,0.0714,0.0198,0.2265,0.0,0.0,26.0,0.0,2.0,0.0714,0.0198,0.2265
llama31-8b,joint,niah_single,streaming_llm,0.25,ko,20.0,20.0,0.0,0.0,0.0,1.0,0.0,0.0,0.1611,0.0,0.0,0.1611,0.0,0.0,20.0,0.0,0.0,0.0,0.0,0.1611
llama31-8b,joint,niah_single,streaming_llm,0.25,pl,16.0,13.0,0.0,3.0,0.0,0.8125,0.0,0.0,0.1936,0.1875,0.0659,0.4301,0.0,0.0,13.0,0.0,3.0,0.1875,0.0659,0.4301
llama31-8b,joint,niah_single,streaming_llm,0.25,sw,28.0,28.0,0.0,0.0,0.0,1.0,0.0,0.0,0.1206,0.0,0.0,0.1206,0.0,0.0,28.0,0.0,0.0,0.0,0.0,0.1206
llama31-8b,joint,niah_single,streaming_llm,0.25,vi,30.0,24.0,0.0,6.0,0.0,0.8,0.0,0.0,0.1135,0.2,0.095,0.3731,0.0,0.0,24.0,0.0,6.0,0.2,0.095,0.3731
llama31-8b,joint,niah_single,streaming_llm,0.25,zh,28.0,27.0,0.0,1.0,0.0,0.9643,0.0,0.0,0.1206,0.0357,0.0063,0.1771,0.0,0.0,27.0,0.0,1.0,0.0357,0.0063,0.1771
llama31-8b,joint,niah_single,streaming_llm,0.5,en,46.0,46.0,0.0,0.0,0.0,1.0,0.0,0.0,0.0771,0.0,0.0,0.0771,0.0,0.0,46.0,0.0,0.0,0.0,0.0,0.0771
llama31-8b,joint,niah_single,streaming_llm,0.5,ja,46.0,44.0,0.0,2.0,0.0,0.9565,0.0,0.0,0.0771,0.0435,0.012,0.1453,0.0,0.0,44.0,0.0,2.0,0.0435,0.012,0.1453
llama31-8b,joint,niah_single,streaming_llm,0.5,ko,39.0,39.0,0.0,0.0,0.0,1.0,0.0,0.0,0.0897,0.0,0.0,0.0897,0.0,0.0,39.0,0.0,0.0,0.0,0.0,0.0897
llama31-8b,joint,niah_single,streaming_llm,0.5,pl,34.0,33.0,0.0,1.0,0.0,0.9706,0.0,0.0,0.1015,0.0294,0.0052,0.1492,0.0,0.0,33.0,0.0,1.0,0.0294,0.0052,0.1492
llama31-8b,joint,niah_single,streaming_llm,0.5,sw,43.0,43.0,0.0,0.0,0.0,1.0,0.0,0.0,0.082,0.0,0.0,0.082,0.0,0.0,43.0,0.0,0.0,0.0,0.0,0.082
llama31-8b,joint,niah_single,streaming_llm,0.5,vi,54.0,44.0,0.0,10.0,0.0,0.8148,0.0,0.0,0.0664,0.1852,0.1038,0.3084,0.0,0.0,44.0,0.0,10.0,0.1852,0.1038,0.3084
llama31-8b,joint,niah_single,streaming_llm,0.5,zh,43.0,43.0,0.0,0.0,0.0,1.0,0.0,0.0,0.082,0.0,0.0,0.082,0.0,0.0,43.0,0.0,0.0,0.0,0.0,0.082
llama31-8b,qa,niah_none,knorm,0.25,en,28.0,10.0,18.0,0.0,10.0,0.3571,0.6429,0.4583,0.7929,0.0,0.0,0.1206,0.0,0.0,10.0,22.0,7.0,0.25,0.1268,0.4336
llama31-8b,qa,niah_none,knorm,0.25,ja,52.0,19.0,31.0,2.0,19.0,0.3654,0.5962,0.4607,0.7184,0.0385,0.0106,0.1298,0.0,0.0,19.0,35.0,9.0,0.1731,0.0938,0.2973
llama31-8b,qa,niah_none,knorm,0.25,ko,87.0,85.0,1.0,1.0,85.0,0.977,0.0115,0.002,0.0623,0.0115,0.002,0.0623,0.0,0.0,85.0,55.0,8.0,0.092,0.0473,0.1711
llama31-8b,qa,niah_none,knorm,0.25,pl,10.0,1.0,8.0,1.0,1.0,0.1,0.8,0.4902,0.9433,0.1,0.0179,0.4042,0.0,0.0,1.0,8.0,2.0,0.2,0.0567,0.5098
llama31-8b,qa,niah_none,knorm,0.25,sw,61.0,21.0,39.0,1.0,21.0,0.3443,0.6393,0.5139,0.7483,0.0164,0.0029,0.0872,0.0,0.0,21.0,44.0,5.0,0.082,0.0355,0.1779
llama31-8b,qa,niah_none,knorm,0.25,vi,66.0,21.0,45.0,0.0,21.0,0.3182,0.6818,0.5621,0.7815,0.0,0.0,0.055,0.0,0.0,21.0,53.0,8.0,0.1212,0.0627,0.2214
llama31-8b,qa,niah_none,knorm,0.25,zh,44.0,10.0,34.0,0.0,10.0,0.2273,0.7727,0.6301,0.8716,0.0,0.0,0.0803,0.0,0.0,10.0,38.0,8.0,0.1818,0.0951,0.3196
llama31-8b,qa,niah_none,knorm,0.5,en,28.0,18.0,10.0,0.0,18.0,0.6429,0.3571,0.2071,0.5417,0.0,0.0,0.1206,0.0,0.0,18.0,14.0,7.0,0.25,0.1268,0.4336
llama31-8b,qa,niah_none,knorm,0.5,ja,66.0,50.0,15.0,1.0,50.0,0.7576,0.2273,0.1429,0.3417,0.0152,0.0027,0.081,0.0,0.0,50.0,51.0,12.0,0.1818,0.1072,0.2915
llama31-8b,qa,niah_none,knorm,0.5,ko,90.0,90.0,0.0,0.0,90.0,1.0,0.0,0.0,0.0409,0.0,0.0,0.0409,0.0,0.0,90.0,4.0,0.0,0.0,0.0,0.0409
llama31-8b,qa,niah_none,knorm,0.5,pl,6.0,3.0,3.0,0.0,3.0,0.5,0.5,0.1876,0.8124,0.0,0.0,0.3903,0.0,0.0,3.0,6.0,0.0,0.0,0.0,0.3903
llama31-8b,qa,niah_none,knorm,0.5,sw,25.0,19.0,6.0,0.0,19.0,0.76,0.24,0.115,0.4343,0.0,0.0,0.1332,0.0,0.0,19.0,10.0,1.0,0.04,0.0071,0.1954
llama31-8b,qa,niah_none,knorm,0.5,vi,54.0,43.0,11.0,0.0,43.0,0.7963,0.2037,0.1177,0.329,0.0,0.0,0.0664,0.0,0.0,43.0,26.0,2.0,0.037,0.0102,0.1254
llama31-8b,qa,niah_none,knorm,0.5,zh,79.0,52.0,27.0,0.0,52.0,0.6582,0.3418,0.2467,0.4515,0.0,0.0,0.0464,0.0,0.0,52.0,63.0,17.0,0.2152,0.1389,0.3179
llama31-8b,qa,niah_none,none,1.0,en,38.0,38.0,0.0,0.0,38.0,1.0,0.0,0.0,0.0918,0.0,0.0,0.0918,0.0,0.0,38.0,1.0,0.0,0.0,0.0,0.0918
llama31-8b,qa,niah_none,none,1.0,ja,56.0,56.0,0.0,0.0,56.0,1.0,0.0,0.0,0.0642,0.0,0.0,0.0642,0.0,0.0,56.0,1.0,0.0,0.0,0.0,0.0642
llama31-8b,qa,niah_none,none,1.0,ko,87.0,87.0,0.0,0.0,87.0,1.0,0.0,0.0,0.0423,0.0,0.0,0.0423,0.0,0.0,87.0,0.0,0.0,0.0,0.0,0.0423
llama31-8b,qa,niah_none,none,1.0,pl,9.0,9.0,0.0,0.0,9.0,1.0,0.0,0.0,0.2992,0.0,0.0,0.2992,0.0,0.0,9.0,0.0,2.0,0.2222,0.0632,0.5474
llama31-8b,qa,niah_none,none,1.0,sw,93.0,92.0,0.0,1.0,92.0,0.9892,0.0,0.0,0.0397,0.0108,0.0019,0.0584,0.0,0.0,92.0,1.0,1.0,0.0108,0.0019,0.0584
llama31-8b,qa,niah_none,none,1.0,vi,38.0,38.0,0.0,0.0,38.0,1.0,0.0,0.0,0.0918,0.0,0.0,0.0918,0.0,0.0,38.0,1.0,0.0,0.0,0.0,0.0918
llama31-8b,qa,niah_none,none,1.0,zh,76.0,76.0,0.0,0.0,76.0,1.0,0.0,0.0,0.0481,0.0,0.0,0.0481,0.0,0.0,76.0,1.0,0.0,0.0,0.0,0.0481
llama31-8b,qa,niah_none,snapkv,0.25,en,5.0,5.0,0.0,0.0,5.0,1.0,0.0,0.0,0.4345,0.0,0.0,0.4345,0.0,0.0,5.0,1.0,0.0,0.0,0.0,0.4345
llama31-8b,qa,niah_none,snapkv,0.25,ja,11.0,7.0,2.0,2.0,7.0,0.6364,0.1818,0.0514,0.477,0.1818,0.0514,0.477,0.0,0.0,7.0,5.0,5.0,0.4545,0.2127,0.7199
llama31-8b,qa,niah_none,snapkv,0.25,ko,85.0,83.0,2.0,0.0,83.0,0.9765,0.0235,0.0065,0.0818,0.0,0.0,0.0432,0.0,0.0,83.0,24.0,3.0,0.0353,0.0121,0.0987
llama31-8b,qa,niah_none,snapkv,0.25,pl,2.0,2.0,0.0,0.0,2.0,1.0,0.0,0.0,0.6576,0.0,0.0,0.6576,0.0,0.0,2.0,0.0,0.0,0.0,0.0,0.6576
llama31-8b,qa,niah_none,snapkv,0.25,sw,95.0,94.0,1.0,0.0,94.0,0.9895,0.0105,0.0019,0.0572,0.0,0.0,0.0389,0.0,0.0,94.0,5.0,0.0,0.0,0.0,0.0389
llama31-8b,qa,niah_none,snapkv,0.25,vi,3.0,3.0,0.0,0.0,3.0,1.0,0.0,0.0,0.5615,0.0,0.0,0.5615,0.0,0.0,3.0,0.0,0.0,0.0,0.0,0.5615
llama31-8b,qa,niah_none,snapkv,0.25,zh,24.0,14.0,3.0,7.0,14.0,0.5833,0.125,0.0434,0.31,0.2917,0.1491,0.4917,0.0,0.0,14.0,3.0,10.0,0.4167,0.2447,0.6117
llama31-8b,qa,niah_none,snapkv,0.5,en,16.0,14.0,0.0,2.0,14.0,0.875,0.0,0.0,0.1936,0.125,0.035,0.3602,0.0,0.0,14.0,4.0,6.0,0.375,0.1848,0.6136
llama31-8b,qa,niah_none,snapkv,0.5,ja,39.0,38.0,0.0,1.0,38.0,0.9744,0.0,0.0,0.0897,0.0256,0.0045,0.1318,0.0,0.0,38.0,11.0,8.0,0.2051,0.1078,0.3553
llama31-8b,qa,niah_none,snapkv,0.5,ko,88.0,88.0,0.0,0.0,88.0,1.0,0.0,0.0,0.0418,0.0,0.0,0.0418,0.0,0.0,88.0,6.0,0.0,0.0,0.0,0.0418
llama31-8b,qa,niah_none,snapkv,0.5,pl,3.0,2.0,1.0,0.0,2.0,0.6667,0.3333,0.0615,0.7923,0.0,0.0,0.5615,0.0,0.0,2.0,1.0,0.0,0.0,0.0,0.5615
llama31-8b,qa,niah_none,snapkv,0.5,sw,95.0,94.0,0.0,1.0,94.0,0.9895,0.0,0.0,0.0389,0.0105,0.0019,0.0572,0.0,0.0,94.0,0.0,1.0,0.0105,0.0019,0.0572
llama31-8b,qa,niah_none,snapkv,0.5,vi,6.0,5.0,0.0,1.0,5.0,0.8333,0.0,0.0,0.3903,0.1667,0.0301,0.5635,0.0,0.0,5.0,0.0,1.0,0.1667,0.0301,0.5635
llama31-8b,qa,niah_none,snapkv,0.5,zh,65.0,53.0,8.0,4.0,53.0,0.8154,0.1231,0.0637,0.2245,0.0615,0.0242,0.1478,0.0,0.0,53.0,23.0,19.0,0.2923,0.1958,0.412
llama31-8b,qa,niah_none,streaming_llm,0.25,en,18.0,18.0,0.0,0.0,18.0,1.0,0.0,0.0,0.1759,0.0,0.0,0.1759,0.0,0.0,18.0,3.0,0.0,0.0,0.0,0.1759
llama31-8b,qa,niah_none,streaming_llm,0.25,ja,12.0,12.0,0.0,0.0,12.0,1.0,0.0,0.0,0.2425,0.0,0.0,0.2425,0.0,0.0,12.0,2.0,0.0,0.0,0.0,0.2425
llama31-8b,qa,niah_none,streaming_llm,0.25,ko,59.0,59.0,0.0,0.0,59.0,1.0,0.0,0.0,0.0611,0.0,0.0,0.0611,0.0,0.0,59.0,5.0,0.0,0.0,0.0,0.0611
llama31-8b,qa,niah_none,streaming_llm,0.25,pl,24.0,23.0,0.0,1.0,23.0,0.9583,0.0,0.0,0.138,0.0417,0.0074,0.2024,0.0,0.0,23.0,16.0,1.0,0.0417,0.0074,0.2024
llama31-8b,qa,niah_none,streaming_llm,0.25,sw,59.0,59.0,0.0,0.0,59.0,1.0,0.0,0.0,0.0611,0.0,0.0,0.0611,0.0,0.0,59.0,5.0,0.0,0.0,0.0,0.0611
llama31-8b,qa,niah_none,streaming_llm,0.25,vi,23.0,23.0,0.0,0.0,23.0,1.0,0.0,0.0,0.1431,0.0,0.0,0.1431,0.0,0.0,23.0,2.0,0.0,0.0,0.0,0.1431
llama31-8b,qa,niah_none,streaming_llm,0.25,zh,33.0,33.0,0.0,0.0,33.0,1.0,0.0,0.0,0.1043,0.0,0.0,0.1043,0.0,0.0,33.0,0.0,0.0,0.0,0.0,0.1043
llama31-8b,qa,niah_none,streaming_llm,0.5,en,35.0,28.0,0.0,7.0,28.0,0.8,0.0,0.0,0.0989,0.2,0.1004,0.3589,0.0,0.0,28.0,3.0,7.0,0.2,0.1004,0.3589
llama31-8b,qa,niah_none,streaming_llm,0.5,ja,32.0,32.0,0.0,0.0,32.0,1.0,0.0,0.0,0.1072,0.0,0.0,0.1072,0.0,0.0,32.0,0.0,0.0,0.0,0.0,0.1072
llama31-8b,qa,niah_none,streaming_llm,0.5,ko,84.0,84.0,0.0,0.0,84.0,1.0,0.0,0.0,0.0437,0.0,0.0,0.0437,0.0,0.0,84.0,2.0,1.0,0.0119,0.0021,0.0644
llama31-8b,qa,niah_none,streaming_llm,0.5,pl,25.0,23.0,0.0,2.0,23.0,0.92,0.0,0.0,0.1332,0.08,0.0222,0.2497,0.0,0.0,23.0,10.0,2.0,0.08,0.0222,0.2497
llama31-8b,qa,niah_none,streaming_llm,0.5,sw,93.0,93.0,0.0,0.0,93.0,1.0,0.0,0.0,0.0397,0.0,0.0,0.0397,0.0,0.0,93.0,10.0,1.0,0.0108,0.0019,0.0584
llama31-8b,qa,niah_none,streaming_llm,0.5,vi,25.0,24.0,0.0,1.0,24.0,0.96,0.0,0.0,0.1332,0.04,0.0071,0.1954,0.0,0.0,24.0,0.0,1.0,0.04,0.0071,0.1954
llama31-8b,qa,niah_none,streaming_llm,0.5,zh,71.0,71.0,0.0,0.0,71.0,1.0,0.0,0.0,0.0513,0.0,0.0,0.0513,0.0,0.0,71.0,0.0,0.0,0.0,0.0,0.0513
llama31-8b,qa,niah_single,knorm,0.25,en,75.0,18.0,56.0,1.0,0.0,0.24,0.7467,0.6379,0.8314,0.0133,0.0024,0.0717,56.0,56.0,18.0,57.0,3.0,0.04,0.0137,0.1111
llama31-8b,qa,niah_single,knorm,0.25,ja,70.0,17.0,53.0,0.0,0.0,0.2429,0.7571,0.645,0.8425,0.0,0.0,0.052,48.0,48.0,17.0,53.0,0.0,0.0,0.0,0.052
llama31-8b,qa,niah_single,knorm,0.25,ko,85.0,82.0,3.0,0.0,0.0,0.9647,0.0353,0.0121,0.0987,0.0,0.0,0.0432,3.0,3.0,82.0,3.0,0.0,0.0,0.0,0.0432
llama31-8b,qa,niah_single,knorm,0.25,pl,58.0,5.0,52.0,1.0,0.0,0.0862,0.8966,0.7921,0.9517,0.0172,0.003,0.0914,52.0,52.0,5.0,53.0,1.0,0.0172,0.003,0.0914
llama31-8b,qa,niah_single,knorm,0.25,sw,36.0,6.0,27.0,3.0,0.0,0.1667,0.75,0.5893,0.8625,0.0833,0.0287,0.2183,25.0,25.0,6.0,27.0,4.0,0.1111,0.0441,0.2532
llama31-8b,qa,niah_single,knorm,0.25,vi,72.0,17.0,53.0,2.0,0.0,0.2361,0.7361,0.6242,0.8241,0.0278,0.0077,0.0957,53.0,53.0,17.0,53.0,2.0,0.0278,0.0077,0.0957
llama31-8b,qa,niah_single,knorm,0.25,zh,36.0,5.0,28.0,3.0,0.0,0.1389,0.7778,0.6191,0.8828,0.0833,0.0287,0.2183,26.0,26.0,5.0,28.0,3.0,0.0833,0.0287,0.2183
llama31-8b,qa,niah_single,knorm,0.5,en,99.0,72.0,27.0,0.0,0.0,0.7273,0.2727,0.1947,0.3677,0.0,0.0,0.0374,27.0,27.0,72.0,27.0,0.0,0.0,0.0,0.0374
llama31-8b,qa,niah_single,knorm,0.5,ja,91.0,50.0,41.0,0.0,0.0,0.5495,0.4505,0.3524,0.5527,0.0,0.0,0.0405,41.0,41.0,50.0,42.0,0.0,0.0,0.0,0.0405
llama31-8b,qa,niah_single,knorm,0.5,ko,88.0,88.0,0.0,0.0,0.0,1.0,0.0,0.0,0.0418,0.0,0.0,0.0418,0.0,0.0,88.0,0.0,0.0,0.0,0.0,0.0418
llama31-8b,qa,niah_single,knorm,0.5,pl,78.0,30.0,48.0,0.0,0.0,0.3846,0.6154,0.5044,0.7155,0.0,0.0,0.0469,48.0,48.0,30.0,48.0,0.0,0.0,0.0,0.0469
llama31-8b,qa,niah_single,knorm,0.5,sw,91.0,69.0,21.0,1.0,0.0,0.7582,0.2308,0.1562,0.3272,0.011,0.0019,0.0597,20.0,20.0,69.0,22.0,2.0,0.022,0.006,0.0766
llama31-8b,qa,niah_single,knorm,0.5,vi,98.0,79.0,19.0,0.0,0.0,0.8061,0.1939,0.1278,0.2831,0.0,0.0,0.0377,19.0,19.0,79.0,19.0,0.0,0.0,0.0,0.0377
llama31-8b,qa,niah_single,knorm,0.5,zh,91.0,36.0,53.0,2.0,0.0,0.3956,0.5824,0.4798,0.6784,0.022,0.006,0.0766,53.0,53.0,36.0,53.0,2.0,0.022,0.006,0.0766
llama31-8b,qa,niah_single,none,1.0,en,100.0,100.0,0.0,0.0,0.0,1.0,0.0,0.0,0.037,0.0,0.0,0.037,0.0,0.0,100.0,0.0,0.0,0.0,0.0,0.037
llama31-8b,qa,niah_single,none,1.0,ja,98.0,98.0,0.0,0.0,0.0,1.0,0.0,0.0,0.0377,0.0,0.0,0.0377,0.0,0.0,98.0,0.0,0.0,0.0,0.0,0.0377
llama31-8b,qa,niah_single,none,1.0,ko,85.0,85.0,0.0,0.0,0.0,1.0,0.0,0.0,0.0432,0.0,0.0,0.0432,0.0,0.0,85.0,0.0,0.0,0.0,0.0,0.0432
llama31-8b,qa,niah_single,none,1.0,pl,84.0,84.0,0.0,0.0,0.0,1.0,0.0,0.0,0.0437,0.0,0.0,0.0437,0.0,0.0,84.0,0.0,0.0,0.0,0.0,0.0437
llama31-8b,qa,niah_single,none,1.0,sw,97.0,97.0,0.0,0.0,0.0,1.0,0.0,0.0,0.0381,0.0,0.0,0.0381,0.0,0.0,97.0,0.0,0.0,0.0,0.0,0.0381
llama31-8b,qa,niah_single,none,1.0,vi,90.0,90.0,0.0,0.0,0.0,1.0,0.0,0.0,0.0409,0.0,0.0,0.0409,0.0,0.0,90.0,0.0,0.0,0.0,0.0,0.0409
llama31-8b,qa,niah_single,none,1.0,zh,98.0,98.0,0.0,0.0,0.0,1.0,0.0,0.0,0.0377,0.0,0.0,0.0377,0.0,0.0,98.0,0.0,0.0,0.0,0.0,0.0377
llama31-8b,qa,niah_single,snapkv,0.25,en,52.0,49.0,3.0,0.0,0.0,0.9423,0.0577,0.0198,0.1564,0.0,0.0,0.0688,5.0,5.0,49.0,7.0,0.0,0.0,0.0,0.0688
llama31-8b,qa,niah_single,snapkv,0.25,ja,43.0,21.0,15.0,7.0,0.0,0.4884,0.3488,0.2242,0.4983,0.1628,0.0812,0.2997,3.0,3.0,21.0,15.0,7.0,0.1628,0.0812,0.2997
llama31-8b,qa,niah_single,snapkv,0.25,ko,79.0,76.0,1.0,2.0,0.0,0.962,0.0127,0.0022,0.0683,0.0253,0.007,0.0877,0.0,0.0,76.0,1.0,2.0,0.0253,0.007,0.0877
llama31-8b,qa,niah_single,snapkv,0.25,pl,4.0,0.0,1.0,3.0,0.0,0.0,0.25,0.0456,0.6994,0.75,0.3006,0.9544,1.0,1.0,0.0,1.0,3.0,0.75,0.3006,0.9544
llama31-8b,qa,niah_single,snapkv,0.25,sw,94.0,94.0,0.0,0.0,0.0,1.0,0.0,0.0,0.0393,0.0,0.0,0.0393,0.0,0.0,94.0,0.0,0.0,0.0,0.0,0.0393
llama31-8b,qa,niah_single,snapkv,0.25,vi,5.0,4.0,1.0,0.0,0.0,0.8,0.2,0.0362,0.6245,0.0,0.0,0.4345,1.0,1.0,4.0,2.0,0.0,0.0,0.0,0.4345
llama31-8b,qa,niah_single,snapkv,0.25,zh,25.0,24.0,0.0,1.0,0.0,0.96,0.0,0.0,0.1332,0.04,0.0071,0.1954,0.0,0.0,24.0,0.0,1.0,0.04,0.0071,0.1954
llama31-8b,qa,niah_single,snapkv,0.5,en,94.0,90.0,4.0,0.0,0.0,0.9574,0.0426,0.0167,0.1044,0.0,0.0,0.0393,3.0,3.0,90.0,4.0,0.0,0.0,0.0,0.0393
llama31-8b,qa,niah_single,snapkv,0.5,ja,84.0,77.0,5.0,2.0,0.0,0.9167,0.0595,0.0257,0.1319,0.0238,0.0066,0.0827,0.0,0.0,77.0,6.0,2.0,0.0238,0.0066,0.0827
llama31-8b,qa,niah_single,snapkv,0.5,ko,86.0,86.0,0.0,0.0,0.0,1.0,0.0,0.0,0.0428,0.0,0.0,0.0428,0.0,0.0,86.0,0.0,0.0,0.0,0.0,0.0428
llama31-8b,qa,niah_single,snapkv,0.5,pl,40.0,31.0,8.0,1.0,0.0,0.775,0.2,0.105,0.3476,0.025,0.0044,0.1288,8.0,8.0,31.0,9.0,1.0,0.025,0.0044,0.1288
llama31-8b,qa,niah_single,snapkv,0.5,sw,97.0,97.0,0.0,0.0,0.0,1.0,0.0,0.0,0.0381,0.0,0.0,0.0381,0.0,0.0,97.0,0.0,0.0,0.0,0.0,0.0381
llama31-8b,qa,niah_single,snapkv,0.5,vi,17.0,15.0,2.0,0.0,0.0,0.8824,0.1176,0.0329,0.3434,0.0,0.0,0.1843,1.0,1.0,15.0,2.0,0.0,0.0,0.0,0.1843
llama31-8b,qa,niah_single,snapkv,0.5,zh,76.0,63.0,7.0,6.0,0.0,0.8289,0.0921,0.0453,0.1781,0.0789,0.0367,0.1617,3.0,3.0,63.0,7.0,6.0,0.0789,0.0367,0.1617
llama31-8b,qa,niah_single,streaming_llm,0.25,en,27.0,27.0,0.0,0.0,0.0,1.0,0.0,0.0,0.1246,0.0,0.0,0.1246,0.0,0.0,27.0,0.0,0.0,0.0,0.0,0.1246
llama31-8b,qa,niah_single,streaming_llm,0.25,ja,25.0,25.0,0.0,0.0,0.0,1.0,0.0,0.0,0.1332,0.0,0.0,0.1332,0.0,0.0,25.0,0.0,0.0,0.0,0.0,0.1332
llama31-8b,qa,niah_single,streaming_llm,0.25,ko,23.0,21.0,0.0,2.0,0.0,0.913,0.0,0.0,0.1431,0.087,0.0242,0.268,0.0,0.0,21.0,0.0,2.0,0.087,0.0242,0.268
llama31-8b,qa,niah_single,streaming_llm,0.25,pl,28.0,28.0,0.0,0.0,0.0,1.0,0.0,0.0,0.1206,0.0,0.0,0.1206,0.0,0.0,28.0,0.0,0.0,0.0,0.0,0.1206
llama31-8b,qa,niah_single,streaming_llm,0.25,sw,27.0,27.0,0.0,0.0,0.0,1.0,0.0,0.0,0.1246,0.0,0.0,0.1246,0.0,0.0,27.0,0.0,0.0,0.0,0.0,0.1246
llama31-8b,qa,niah_single,streaming_llm,0.25,vi,19.0,19.0,0.0,0.0,0.0,1.0,0.0,0.0,0.1682,0.0,0.0,0.1682,0.0,0.0,19.0,0.0,0.0,0.0,0.0,0.1682
llama31-8b,qa,niah_single,streaming_llm,0.25,zh,27.0,27.0,0.0,0.0,0.0,1.0,0.0,0.0,0.1246,0.0,0.0,0.1246,0.0,0.0,27.0,0.0,0.0,0.0,0.0,0.1246
llama31-8b,qa,niah_single,streaming_llm,0.5,en,46.0,46.0,0.0,0.0,0.0,1.0,0.0,0.0,0.0771,0.0,0.0,0.0771,0.0,0.0,46.0,0.0,0.0,0.0,0.0,0.0771
llama31-8b,qa,niah_single,streaming_llm,0.5,ja,45.0,45.0,0.0,0.0,0.0,1.0,0.0,0.0,0.0787,0.0,0.0,0.0787,0.0,0.0,45.0,0.0,0.0,0.0,0.0,0.0787
llama31-8b,qa,niah_single,streaming_llm,0.5,ko,40.0,40.0,0.0,0.0,0.0,1.0,0.0,0.0,0.0876,0.0,0.0,0.0876,0.0,0.0,40.0,0.0,0.0,0.0,0.0,0.0876
llama31-8b,qa,niah_single,streaming_llm,0.5,pl,49.0,49.0,0.0,0.0,0.0,1.0,0.0,0.0,0.0727,0.0,0.0,0.0727,0.0,0.0,49.0,0.0,0.0,0.0,0.0,0.0727
llama31-8b,qa,niah_single,streaming_llm,0.5,sw,43.0,43.0,0.0,0.0,0.0,1.0,0.0,0.0,0.082,0.0,0.0,0.082,0.0,0.0,43.0,0.0,0.0,0.0,0.0,0.082
llama31-8b,qa,niah_single,streaming_llm,0.5,vi,42.0,40.0,0.0,2.0,0.0,0.9524,0.0,0.0,0.0838,0.0476,0.0132,0.1579,0.0,0.0,40.0,0.0,2.0,0.0476,0.0132,0.1579
llama31-8b,qa,niah_single,streaming_llm,0.5,zh,43.0,43.0,0.0,0.0,0.0,1.0,0.0,0.0,0.082,0.0,0.0,0.082,0.0,0.0,43.0,0.0,0.0,0.0,0.0,0.082
qwen25-7b-1m,joint,niah_single,knorm,0.25,en,18.0,1.0,10.0,7.0,0.0,0.0556,0.5556,0.3372,0.7544,0.3889,0.203,0.6138,4.0,4.0,1.0,10.0,7.0,0.3889,0.203,0.6138
qwen25-7b-1m,joint,niah_single,knorm,0.25,ja,11.0,1.0,7.0,3.0,0.0,0.0909,0.6364,0.3538,0.8483,0.2727,0.0975,0.5657,2.0,2.0,1.0,7.0,3.0,0.2727,0.0975,0.5657
qwen25-7b-1m,joint,niah_single,knorm,0.25,ko,34.0,5.0,25.0,4.0,0.0,0.1471,0.7353,0.5688,0.854,0.1176,0.0467,0.2662,12.0,12.0,5.0,25.0,4.0,0.1176,0.0467,0.2662
qwen25-7b-1m,joint,niah_single,knorm,0.25,pl,12.0,1.0,10.0,1.0,0.0,0.0833,0.8333,0.552,0.953,0.0833,0.0149,0.3539,5.0,5.0,1.0,10.0,1.0,0.0833,0.0149,0.3539
qwen25-7b-1m,joint,niah_single,knorm,0.25,sw,30.0,1.0,4.0,25.0,0.0,0.0333,0.1333,0.0531,0.2968,0.8333,0.6644,0.9266,0.0,0.0,1.0,4.0,25.0,0.8333,0.6644,0.9266
qwen25-7b-1m,joint,niah_single,knorm,0.25,vi,21.0,1.0,13.0,7.0,0.0,0.0476,0.619,0.4088,0.7925,0.3333,0.1719,0.5463,4.0,4.0,1.0,14.0,7.0,0.3333,0.1719,0.5463
qwen25-7b-1m,joint,niah_single,knorm,0.25,zh,31.0,0.0,9.0,22.0,0.0,0.0,0.2903,0.161,0.4659,0.7097,0.5341,0.839,1.0,1.0,0.0,9.0,22.0,0.7097,0.5341,0.839
qwen25-7b-1m,joint,niah_single,knorm,0.5,en,49.0,9.0,36.0,4.0,0.0,0.1837,0.7347,0.5974,0.8379,0.0816,0.0322,0.1919,8.0,8.0,9.0,36.0,4.0,0.0816,0.0322,0.1919
qwen25-7b-1m,joint,niah_single,knorm,0.5,ja,49.0,8.0,33.0,8.0,0.0,0.1633,0.6735,0.5338,0.7879,0.1633,0.0851,0.2904,11.0,11.0,8.0,33.0,8.0,0.1633,0.0851,0.2904
qwen25-7b-1m,joint,niah_single,knorm,0.5,ko,95.0,63.0,32.0,0.0,0.0,0.6632,0.3368,0.2498,0.4366,0.0,0.0,0.0389,17.0,17.0,63.0,32.0,0.0,0.0,0.0,0.0389
qwen25-7b-1m,joint,niah_single,knorm,0.5,pl,46.0,7.0,37.0,2.0,0.0,0.1522,0.8043,0.6683,0.8935,0.0435,0.012,0.1453,24.0,24.0,7.0,37.0,2.0,0.0435,0.012,0.1453
qwen25-7b-1m,joint,niah_single,knorm,0.5,sw,43.0,9.0,22.0,12.0,0.0,0.2093,0.5116,0.3675,0.6538,0.2791,0.1675,0.4269,7.0,7.0,9.0,22.0,12.0,0.2791,0.1675,0.4269
qwen25-7b-1m,joint,niah_single,knorm,0.5,vi,51.0,11.0,34.0,6.0,0.0,0.2157,0.6667,0.5297,0.7803,0.1176,0.055,0.2338,10.0,10.0,11.0,34.0,9.0,0.1765,0.0957,0.3025
qwen25-7b-1m,joint,niah_single,knorm,0.5,zh,55.0,10.0,27.0,18.0,0.0,0.1818,0.4909,0.3638,0.6192,0.3273,0.2181,0.459,7.0,7.0,10.0,27.0,18.0,0.3273,0.2181,0.459
qwen25-7b-1m,joint,niah_single,none,1.0,en,98.0,98.0,0.0,0.0,0.0,1.0,0.0,0.0,0.0377,0.0,0.0,0.0377,0.0,0.0,98.0,0.0,0.0,0.0,0.0,0.0377
qwen25-7b-1m,joint,niah_single,none,1.0,ja,100.0,100.0,0.0,0.0,0.0,1.0,0.0,0.0,0.037,0.0,0.0,0.037,0.0,0.0,100.0,0.0,0.0,0.0,0.0,0.037
qwen25-7b-1m,joint,niah_single,none,1.0,ko,100.0,100.0,0.0,0.0,0.0,1.0,0.0,0.0,0.037,0.0,0.0,0.037,0.0,0.0,100.0,0.0,0.0,0.0,0.0,0.037
qwen25-7b-1m,joint,niah_single,none,1.0,pl,100.0,100.0,0.0,0.0,0.0,1.0,0.0,0.0,0.037,0.0,0.0,0.037,0.0,0.0,100.0,0.0,0.0,0.0,0.0,0.037
qwen25-7b-1m,joint,niah_single,none,1.0,sw,58.0,57.0,1.0,0.0,0.0,0.9828,0.0172,0.003,0.0914,0.0,0.0,0.0621,1.0,1.0,57.0,1.0,0.0,0.0,0.0,0.0621
qwen25-7b-1m,joint,niah_single,none,1.0,vi,96.0,96.0,0.0,0.0,0.0,1.0,0.0,0.0,0.0385,0.0,0.0,0.0385,0.0,0.0,96.0,0.0,0.0,0.0,0.0,0.0385
qwen25-7b-1m,joint,niah_single,none,1.0,zh,98.0,98.0,0.0,0.0,0.0,1.0,0.0,0.0,0.0377,0.0,0.0,0.0377,0.0,0.0,98.0,0.0,0.0,0.0,0.0,0.0377
qwen25-7b-1m,joint,niah_single,snapkv,0.25,en,98.0,98.0,0.0,0.0,0.0,1.0,0.0,0.0,0.0377,0.0,0.0,0.0377,0.0,0.0,98.0,0.0,0.0,0.0,0.0,0.0377
qwen25-7b-1m,joint,niah_single,snapkv,0.25,ja,100.0,100.0,0.0,0.0,0.0,1.0,0.0,0.0,0.037,0.0,0.0,0.037,0.0,0.0,100.0,0.0,0.0,0.0,0.0,0.037
qwen25-7b-1m,joint,niah_single,snapkv,0.25,ko,100.0,100.0,0.0,0.0,0.0,1.0,0.0,0.0,0.037,0.0,0.0,0.037,0.0,0.0,100.0,0.0,0.0,0.0,0.0,0.037
qwen25-7b-1m,joint,niah_single,snapkv,0.25,pl,100.0,100.0,0.0,0.0,0.0,1.0,0.0,0.0,0.037,0.0,0.0,0.037,0.0,0.0,100.0,0.0,0.0,0.0,0.0,0.037
qwen25-7b-1m,joint,niah_single,snapkv,0.25,sw,53.0,48.0,5.0,0.0,0.0,0.9057,0.0943,0.041,0.2025,0.0,0.0,0.0676,2.0,2.0,48.0,5.0,0.0,0.0,0.0,0.0676
qwen25-7b-1m,joint,niah_single,snapkv,0.25,vi,96.0,96.0,0.0,0.0,0.0,1.0,0.0,0.0,0.0385,0.0,0.0,0.0385,0.0,0.0,96.0,0.0,0.0,0.0,0.0,0.0385
qwen25-7b-1m,joint,niah_single,snapkv,0.25,zh,98.0,98.0,0.0,0.0,0.0,1.0,0.0,0.0,0.0377,0.0,0.0,0.0377,0.0,0.0,98.0,0.0,0.0,0.0,0.0,0.0377
qwen25-7b-1m,joint,niah_single,snapkv,0.5,en,98.0,98.0,0.0,0.0,0.0,1.0,0.0,0.0,0.0377,0.0,0.0,0.0377,0.0,0.0,98.0,0.0,0.0,0.0,0.0,0.0377
qwen25-7b-1m,joint,niah_single,snapkv,0.5,ja,100.0,100.0,0.0,0.0,0.0,1.0,0.0,0.0,0.037,0.0,0.0,0.037,0.0,0.0,100.0,0.0,0.0,0.0,0.0,0.037
qwen25-7b-1m,joint,niah_single,snapkv,0.5,ko,100.0,100.0,0.0,0.0,0.0,1.0,0.0,0.0,0.037,0.0,0.0,0.037,0.0,0.0,100.0,0.0,0.0,0.0,0.0,0.037
qwen25-7b-1m,joint,niah_single,snapkv,0.5,pl,100.0,100.0,0.0,0.0,0.0,1.0,0.0,0.0,0.037,0.0,0.0,0.037,0.0,0.0,100.0,0.0,0.0,0.0,0.0,0.037
qwen25-7b-1m,joint,niah_single,snapkv,0.5,sw,60.0,59.0,1.0,0.0,0.0,0.9833,0.0167,0.0029,0.0886,0.0,0.0,0.0602,0.0,0.0,59.0,1.0,0.0,0.0,0.0,0.0602
qwen25-7b-1m,joint,niah_single,snapkv,0.5,vi,96.0,96.0,0.0,0.0,0.0,1.0,0.0,0.0,0.0385,0.0,0.0,0.0385,0.0,0.0,96.0,0.0,0.0,0.0,0.0,0.0385
qwen25-7b-1m,joint,niah_single,snapkv,0.5,zh,98.0,98.0,0.0,0.0,0.0,1.0,0.0,0.0,0.0377,0.0,0.0,0.0377,0.0,0.0,98.0,0.0,0.0,0.0,0.0,0.0377
qwen25-7b-1m,joint,niah_single,streaming_llm,0.25,en,40.0,27.0,0.0,13.0,0.0,0.675,0.0,0.0,0.0876,0.325,0.2008,0.4798,0.0,0.0,27.0,0.0,13.0,0.325,0.2008,0.4798
qwen25-7b-1m,joint,niah_single,streaming_llm,0.25,ja,64.0,28.0,0.0,36.0,0.0,0.4375,0.0,0.0,0.0566,0.5625,0.4409,0.6771,0.0,0.0,28.0,0.0,36.0,0.5625,0.4409,0.6771
qwen25-7b-1m,joint,niah_single,streaming_llm,0.25,ko,55.0,28.0,0.0,27.0,0.0,0.5091,0.0,0.0,0.0653,0.4909,0.3638,0.6192,0.0,0.0,28.0,0.0,27.0,0.4909,0.3638,0.6192
qwen25-7b-1m,joint,niah_single,streaming_llm,0.25,pl,48.0,28.0,0.0,20.0,0.0,0.5833,0.0,0.0,0.0741,0.4167,0.2885,0.5572,0.0,0.0,28.0,0.0,20.0,0.4167,0.2885,0.5572
qwen25-7b-1m,joint,niah_single,streaming_llm,0.25,sw,16.0,16.0,0.0,0.0,0.0,1.0,0.0,0.0,0.1936,0.0,0.0,0.1936,0.0,0.0,16.0,0.0,0.0,0.0,0.0,0.1936
qwen25-7b-1m,joint,niah_single,streaming_llm,0.25,vi,33.0,28.0,0.0,5.0,0.0,0.8485,0.0,0.0,0.1043,0.1515,0.0665,0.3092,0.0,0.0,28.0,0.0,5.0,0.1515,0.0665,0.3092
qwen25-7b-1m,joint,niah_single,streaming_llm,0.25,zh,32.0,25.0,0.0,7.0,0.0,0.7812,0.0,0.0,0.1072,0.2188,0.1102,0.3876,0.0,0.0,25.0,0.0,7.0,0.2188,0.1102,0.3876
qwen25-7b-1m,joint,niah_single,streaming_llm,0.5,en,53.0,45.0,0.0,8.0,0.0,0.8491,0.0,0.0,0.0676,0.1509,0.0785,0.2705,0.0,0.0,45.0,0.0,8.0,0.1509,0.0785,0.2705
qwen25-7b-1m,joint,niah_single,streaming_llm,0.5,ja,64.0,46.0,0.0,18.0,0.0,0.7188,0.0,0.0,0.0566,0.2812,0.1859,0.4013,0.0,0.0,46.0,0.0,18.0,0.2812,0.1859,0.4013
qwen25-7b-1m,joint,niah_single,streaming_llm,0.5,ko,64.0,49.0,0.0,15.0,0.0,0.7656,0.0,0.0,0.0566,0.2344,0.1475,0.3513,0.0,0.0,49.0,0.0,15.0,0.2344,0.1475,0.3513
qwen25-7b-1m,joint,niah_single,streaming_llm,0.5,pl,58.0,49.0,0.0,9.0,0.0,0.8448,0.0,0.0,0.0621,0.1552,0.0838,0.2693,0.0,0.0,49.0,0.0,9.0,0.1552,0.0838,0.2693
qwen25-7b-1m,joint,niah_single,streaming_llm,0.5,sw,25.0,25.0,0.0,0.0,0.0,1.0,0.0,0.0,0.1332,0.0,0.0,0.1332,0.0,0.0,25.0,0.0,0.0,0.0,0.0,0.1332
qwen25-7b-1m,joint,niah_single,streaming_llm,0.5,vi,53.0,49.0,0.0,4.0,0.0,0.9245,0.0,0.0,0.0676,0.0755,0.0297,0.1786,0.0,0.0,49.0,0.0,4.0,0.0755,0.0297,0.1786
qwen25-7b-1m,joint,niah_single,streaming_llm,0.5,zh,49.0,42.0,0.0,7.0,0.0,0.8571,0.0,0.0,0.0727,0.1429,0.071,0.2667,0.0,0.0,42.0,0.0,7.0,0.1429,0.071,0.2667
qwen25-7b-1m,qa,niah_none,knorm,0.25,en,1.0,0.0,1.0,0.0,0.0,0.0,1.0,0.2065,1.0,0.0,0.0,0.7935,0.0,0.0,0.0,1.0,1.0,1.0,0.2065,1.0
qwen25-7b-1m,qa,niah_none,knorm,0.25,ko,8.0,4.0,4.0,0.0,4.0,0.5,0.5,0.2152,0.7848,0.0,0.0,0.3244,0.0,0.0,4.0,8.0,5.0,0.625,0.3057,0.8632
qwen25-7b-1m,qa,niah_none,knorm,0.25,sw,4.0,1.0,1.0,2.0,1.0,0.25,0.25,0.0456,0.6994,0.5,0.15,0.85,0.0,0.0,1.0,1.0,3.0,0.75,0.3006,0.9544
qwen25-7b-1m,qa,niah_none,knorm,0.5,en,1.0,1.0,0.0,0.0,1.0,1.0,0.0,0.0,0.7935,0.0,0.0,0.7935,0.0,0.0,1.0,1.0,0.0,0.0,0.0,0.7935
qwen25-7b-1m,qa,niah_none,knorm,0.5,ja,4.0,1.0,2.0,1.0,1.0,0.25,0.5,0.15,0.85,0.25,0.0456,0.6994,0.0,0.0,1.0,3.0,2.0,0.5,0.15,0.85
qwen25-7b-1m,qa,niah_none,knorm,0.5,ko,46.0,45.0,1.0,0.0,45.0,0.9783,0.0217,0.0038,0.1134,0.0,0.0,0.0771,0.0,0.0,45.0,28.0,0.0,0.0,0.0,0.0771
qwen25-7b-1m,qa,niah_none,knorm,0.5,sw,2.0,1.0,1.0,0.0,1.0,0.5,0.5,0.0945,0.9055,0.0,0.0,0.6576,0.0,0.0,1.0,1.0,0.0,0.0,0.0,0.6576
qwen25-7b-1m,qa,niah_none,knorm,0.5,vi,7.0,3.0,3.0,1.0,3.0,0.4286,0.4286,0.1582,0.7495,0.1429,0.0257,0.5131,0.0,0.0,3.0,4.0,3.0,0.4286,0.1582,0.7495
qwen25-7b-1m,qa,niah_none,knorm,0.5,zh,1.0,1.0,0.0,0.0,1.0,1.0,0.0,0.0,0.7935,0.0,0.0,0.7935,0.0,0.0,1.0,1.0,1.0,1.0,0.2065,1.0
qwen25-7b-1m,qa,niah_none,none,1.0,en,4.0,4.0,0.0,0.0,4.0,1.0,0.0,0.0,0.4899,0.0,0.0,0.4899,0.0,0.0,4.0,0.0,0.0,0.0,0.0,0.4899
qwen25-7b-1m,qa,niah_none,none,1.0,ja,28.0,28.0,0.0,0.0,28.0,1.0,0.0,0.0,0.1206,0.0,0.0,0.1206,0.0,0.0,28.0,0.0,0.0,0.0,0.0,0.1206
qwen25-7b-1m,qa,niah_none,none,1.0,ko,62.0,62.0,0.0,0.0,62.0,1.0,0.0,0.0,0.0583,0.0,0.0,0.0583,0.0,0.0,62.0,0.0,0.0,0.0,0.0,0.0583
qwen25-7b-1m,qa,niah_none,none,1.0,sw,45.0,45.0,0.0,0.0,45.0,1.0,0.0,0.0,0.0787,0.0,0.0,0.0787,0.0,0.0,45.0,0.0,0.0,0.0,0.0,0.0787
qwen25-7b-1m,qa,niah_none,none,1.0,vi,10.0,10.0,0.0,0.0,10.0,1.0,0.0,0.0,0.2775,0.0,0.0,0.2775,0.0,0.0,10.0,0.0,0.0,0.0,0.0,0.2775
qwen25-7b-1m,qa,niah_none,none,1.0,zh,6.0,6.0,0.0,0.0,6.0,1.0,0.0,0.0,0.3903,0.0,0.0,0.3903,0.0,0.0,6.0,0.0,0.0,0.0,0.0,0.3903
qwen25-7b-1m,qa,niah_none,snapkv,0.25,en,3.0,1.0,2.0,0.0,1.0,0.3333,0.6667,0.2077,0.9385,0.0,0.0,0.5615,0.0,0.0,1.0,2.0,0.0,0.0,0.0,0.5615
qwen25-7b-1m,qa,niah_none,snapkv,0.25,ja,2.0,0.0,0.0,2.0,0.0,0.0,0.0,0.0,0.6576,1.0,0.3424,1.0,0.0,0.0,0.0,0.0,2.0,1.0,0.3424,1.0
qwen25-7b-1m,qa,niah_none,snapkv,0.25,ko,31.0,30.0,0.0,1.0,30.0,0.9677,0.0,0.0,0.1103,0.0323,0.0057,0.1619,0.0,0.0,30.0,16.0,12.0,0.3871,0.2373,0.5618
qwen25-7b-1m,qa,niah_none,snapkv,0.25,sw,5.0,5.0,0.0,0.0,5.0,1.0,0.0,0.0,0.4345,0.0,0.0,0.4345,0.0,0.0,5.0,1.0,0.0,0.0,0.0,0.4345
qwen25-7b-1m,qa,niah_none,snapkv,0.25,vi,2.0,1.0,1.0,0.0,1.0,0.5,0.5,0.0945,0.9055,0.0,0.0,0.6576,0.0,0.0,1.0,2.0,0.0,0.0,0.0,0.6576
qwen25-7b-1m,qa,niah_none,snapkv,0.25,zh,1.0,0.0,0.0,1.0,0.0,0.0,0.0,0.0,0.7935,1.0,0.2065,1.0,0.0,0.0,0.0,0.0,1.0,1.0,0.2065,1.0
qwen25-7b-1m,qa,niah_none,snapkv,0.5,en,4.0,2.0,2.0,0.0,2.0,0.5,0.5,0.15,0.85,0.0,0.0,0.4899,0.0,0.0,2.0,2.0,0.0,0.0,0.0,0.4899
qwen25-7b-1m,qa,niah_none,snapkv,0.5,ja,6.0,2.0,2.0,2.0,2.0,0.3333,0.3333,0.0968,0.7,0.3333,0.0968,0.7,0.0,0.0,2.0,3.0,2.0,0.3333,0.0968,0.7
qwen25-7b-1m,qa,niah_none,snapkv,0.5,ko,43.0,43.0,0.0,0.0,43.0,1.0,0.0,0.0,0.082,0.0,0.0,0.082,0.0,0.0,43.0,17.0,4.0,0.093,0.0368,0.216
qwen25-7b-1m,qa,niah_none,snapkv,0.5,sw,12.0,12.0,0.0,0.0,12.0,1.0,0.0,0.0,0.2425,0.0,0.0,0.2425,0.0,0.0,12.0,0.0,0.0,0.0,0.0,0.2425
qwen25-7b-1m,qa,niah_none,snapkv,0.5,vi,4.0,1.0,1.0,2.0,1.0,0.25,0.25,0.0456,0.6994,0.5,0.15,0.85,0.0,0.0,1.0,1.0,2.0,0.5,0.15,0.85
qwen25-7b-1m,qa,niah_none,snapkv,0.5,zh,2.0,0.0,1.0,1.0,0.0,0.0,0.5,0.0945,0.9055,0.5,0.0945,0.9055,0.0,0.0,0.0,1.0,2.0,1.0,0.3424,1.0
qwen25-7b-1m,qa,niah_none,streaming_llm,0.25,en,6.0,6.0,0.0,0.0,6.0,1.0,0.0,0.0,0.3903,0.0,0.0,0.3903,0.0,0.0,6.0,1.0,0.0,0.0,0.0,0.3903
qwen25-7b-1m,qa,niah_none,streaming_llm,0.25,ja,11.0,11.0,0.0,0.0,11.0,1.0,0.0,0.0,0.2588,0.0,0.0,0.2588,0.0,0.0,11.0,0.0,0.0,0.0,0.0,0.2588
qwen25-7b-1m,qa,niah_none,streaming_llm,0.25,ko,44.0,44.0,0.0,0.0,44.0,1.0,0.0,0.0,0.0803,0.0,0.0,0.0803,0.0,0.0,44.0,3.0,3.0,0.0682,0.0235,0.1823
qwen25-7b-1m,qa,niah_none,streaming_llm,0.25,sw,1.0,1.0,0.0,0.0,1.0,1.0,0.0,0.0,0.7935,0.0,0.0,0.7935,0.0,0.0,1.0,0.0,0.0,0.0,0.0,0.7935
qwen25-7b-1m,qa,niah_none,streaming_llm,0.25,vi,3.0,3.0,0.0,0.0,3.0,1.0,0.0,0.0,0.5615,0.0,0.0,0.5615,0.0,0.0,3.0,0.0,0.0,0.0,0.0,0.5615
qwen25-7b-1m,qa,niah_none,streaming_llm,0.25,zh,2.0,2.0,0.0,0.0,2.0,1.0,0.0,0.0,0.6576,0.0,0.0,0.6576,0.0,0.0,2.0,0.0,0.0,0.0,0.0,0.6576
qwen25-7b-1m,qa,niah_none,streaming_llm,0.5,en,3.0,3.0,0.0,0.0,3.0,1.0,0.0,0.0,0.5615,0.0,0.0,0.5615,0.0,0.0,3.0,0.0,0.0,0.0,0.0,0.5615
qwen25-7b-1m,qa,niah_none,streaming_llm,0.5,ja,15.0,15.0,0.0,0.0,15.0,1.0,0.0,0.0,0.2039,0.0,0.0,0.2039,0.0,0.0,15.0,0.0,0.0,0.0,0.0,0.2039
qwen25-7b-1m,qa,niah_none,streaming_llm,0.5,ko,58.0,58.0,0.0,0.0,58.0,1.0,0.0,0.0,0.0621,0.0,0.0,0.0621,0.0,0.0,58.0,4.0,2.0,0.0345,0.0095,0.1173
qwen25-7b-1m,qa,niah_none,streaming_llm,0.5,sw,5.0,5.0,0.0,0.0,5.0,1.0,0.0,0.0,0.4345,0.0,0.0,0.4345,0.0,0.0,5.0,0.0,0.0,0.0,0.0,0.4345
qwen25-7b-1m,qa,niah_none,streaming_llm,0.5,vi,4.0,4.0,0.0,0.0,4.0,1.0,0.0,0.0,0.4899,0.0,0.0,0.4899,0.0,0.0,4.0,0.0,0.0,0.0,0.0,0.4899
qwen25-7b-1m,qa,niah_none,streaming_llm,0.5,zh,3.0,3.0,0.0,0.0,3.0,1.0,0.0,0.0,0.5615,0.0,0.0,0.5615,0.0,0.0,3.0,0.0,0.0,0.0,0.0,0.5615
qwen25-7b-1m,qa,niah_single,knorm,0.25,en,14.0,2.0,7.0,5.0,0.0,0.1429,0.5,0.268,0.732,0.3571,0.1634,0.6124,1.0,1.0,2.0,7.0,5.0,0.3571,0.1634,0.6124
qwen25-7b-1m,qa,niah_single,knorm,0.25,ja,15.0,3.0,8.0,4.0,0.0,0.2,0.5333,0.3012,0.7519,0.2667,0.109,0.5195,2.0,2.0,3.0,8.0,4.0,0.2667,0.109,0.5195
qwen25-7b-1m,qa,niah_single,knorm,0.25,ko,35.0,5.0,27.0,3.0,0.0,0.1429,0.7714,0.6098,0.8793,0.0857,0.0296,0.2238,15.0,15.0,5.0,28.0,4.0,0.1143,0.0454,0.2595
qwen25-7b-1m,qa,niah_single,knorm,0.25,pl,6.0,1.0,4.0,1.0,0.0,0.1667,0.6667,0.3,0.9032,0.1667,0.0301,0.5635,3.0,3.0,1.0,4.0,1.0,0.1667,0.0301,0.5635
qwen25-7b-1m,qa,niah_single,knorm,0.25,vi,15.0,2.0,10.0,3.0,0.0,0.1333,0.6667,0.4171,0.8482,0.2,0.0705,0.4519,2.0,2.0,2.0,10.0,3.0,0.2,0.0705,0.4519
qwen25-7b-1m,qa,niah_single,knorm,0.25,zh,11.0,0.0,2.0,9.0,0.0,0.0,0.1818,0.0514,0.477,0.8182,0.523,0.9486,0.0,0.0,0.0,2.0,9.0,0.8182,0.523,0.9486
qwen25-7b-1m,qa,niah_single,knorm,0.5,en,28.0,4.0,23.0,1.0,0.0,0.1429,0.8214,0.6441,0.9212,0.0357,0.0063,0.1771,5.0,5.0,4.0,23.0,1.0,0.0357,0.0063,0.1771
qwen25-7b-1m,qa,niah_single,knorm,0.5,ja,49.0,7.0,36.0,6.0,0.0,0.1429,0.7347,0.5974,0.8379,0.1224,0.0573,0.2424,7.0,7.0,7.0,36.0,6.0,0.1224,0.0573,0.2424
qwen25-7b-1m,qa,niah_single,knorm,0.5,ko,96.0,64.0,32.0,0.0,0.0,0.6667,0.3333,0.2471,0.4324,0.0,0.0,0.0385,13.0,13.0,64.0,32.0,0.0,0.0,0.0,0.0385
qwen25-7b-1m,qa,niah_single,knorm,0.5,pl,56.0,19.0,36.0,1.0,0.0,0.3393,0.6429,0.5119,0.7554,0.0179,0.0032,0.0945,21.0,21.0,19.0,36.0,1.0,0.0179,0.0032,0.0945
qwen25-7b-1m,qa,niah_single,knorm,0.5,sw,2.0,0.0,2.0,0.0,0.0,0.0,1.0,0.3424,1.0,0.0,0.0,0.6576,0.0,0.0,0.0,2.0,0.0,0.0,0.0,0.6576
qwen25-7b-1m,qa,niah_single,knorm,0.5,vi,50.0,11.0,32.0,7.0,0.0,0.22,0.64,0.5014,0.7586,0.14,0.0695,0.2619,8.0,8.0,11.0,32.0,7.0,0.14,0.0695,0.2619
qwen25-7b-1m,qa,niah_single,knorm,0.5,zh,41.0,7.0,18.0,16.0,0.0,0.1707,0.439,0.2989,0.5896,0.3902,0.2566,0.5427,3.0,3.0,7.0,18.0,16.0,0.3902,0.2566,0.5427
qwen25-7b-1m,qa,niah_single,none,1.0,en,98.0,98.0,0.0,0.0,0.0,1.0,0.0,0.0,0.0377,0.0,0.0,0.0377,0.0,0.0,98.0,0.0,0.0,0.0,0.0,0.0377
qwen25-7b-1m,qa,niah_single,none,1.0,ja,100.0,100.0,0.0,0.0,0.0,1.0,0.0,0.0,0.037,0.0,0.0,0.037,0.0,0.0,100.0,0.0,0.0,0.0,0.0,0.037
qwen25-7b-1m,qa,niah_single,none,1.0,ko,100.0,100.0,0.0,0.0,0.0,1.0,0.0,0.0,0.037,0.0,0.0,0.037,0.0,0.0,100.0,0.0,0.0,0.0,0.0,0.037
qwen25-7b-1m,qa,niah_single,none,1.0,pl,99.0,99.0,0.0,0.0,0.0,1.0,0.0,0.0,0.0374,0.0,0.0,0.0374,0.0,0.0,99.0,0.0,0.0,0.0,0.0,0.0374
qwen25-7b-1m,qa,niah_single,none,1.0,sw,50.0,49.0,1.0,0.0,0.0,0.98,0.02,0.0035,0.105,0.0,0.0,0.0714,1.0,1.0,49.0,1.0,0.0,0.0,0.0,0.0714
qwen25-7b-1m,qa,niah_single,none,1.0,vi,96.0,96.0,0.0,0.0,0.0,1.0,0.0,0.0,0.0385,0.0,0.0,0.0385,0.0,0.0,96.0,0.0,0.0,0.0,0.0,0.0385
qwen25-7b-1m,qa,niah_single,none,1.0,zh,98.0,98.0,0.0,0.0,0.0,1.0,0.0,0.0,0.0377,0.0,0.0,0.0377,0.0,0.0,98.0,0.0,0.0,0.0,0.0,0.0377
qwen25-7b-1m,qa,niah_single,snapkv,0.25,en,62.0,7.0,30.0,25.0,0.0,0.1129,0.4839,0.3641,0.6055,0.4032,0.2902,0.5275,0.0,0.0,7.0,30.0,25.0,0.4032,0.2902,0.5275
qwen25-7b-1m,qa,niah_single,snapkv,0.25,ja,43.0,6.0,14.0,23.0,0.0,0.1395,0.3256,0.2049,0.4748,0.5349,0.3892,0.6749,0.0,0.0,6.0,14.0,23.0,0.5349,0.3892,0.6749
qwen25-7b-1m,qa,niah_single,snapkv,0.25,ko,84.0,73.0,11.0,0.0,0.0,0.869,0.131,0.0747,0.2195,0.0,0.0,0.0437,7.0,7.0,73.0,11.0,0.0,0.0,0.0,0.0437
qwen25-7b-1m,qa,niah_single,snapkv,0.25,pl,20.0,4.0,8.0,8.0,0.0,0.2,0.4,0.2188,0.6134,0.4,0.2188,0.6134,0.0,0.0,4.0,8.0,8.0,0.4,0.2188,0.6134
qwen25-7b-1m,qa,niah_single,snapkv,0.25,sw,10.0,9.0,1.0,0.0,0.0,0.9,0.1,0.0179,0.4042,0.0,0.0,0.2775,0.0,0.0,9.0,1.0,0.0,0.0,0.0,0.2775
qwen25-7b-1m,qa,niah_single,snapkv,0.25,vi,12.0,0.0,7.0,5.0,0.0,0.0,0.5833,0.3195,0.8067,0.4167,0.1933,0.6805,0.0,0.0,0.0,7.0,5.0,0.4167,0.1933,0.6805
qwen25-7b-1m,qa,niah_single,snapkv,0.25,zh,34.0,11.0,11.0,12.0,0.0,0.3235,0.3235,0.1913,0.4916,0.3529,0.2149,0.5209,0.0,0.0,11.0,11.0,12.0,0.3529,0.2149,0.5209
qwen25-7b-1m,qa,niah_single,snapkv,0.5,en,81.0,37.0,33.0,11.0,0.0,0.4568,0.4074,0.307,0.5162,0.1358,0.0776,0.227,1.0,1.0,37.0,33.0,11.0,0.1358,0.0776,0.227
qwen25-7b-1m,qa,niah_single,snapkv,0.5,ja,63.0,17.0,35.0,11.0,0.0,0.2698,0.5556,0.4332,0.6715,0.1746,0.1004,0.2862,0.0,0.0,17.0,35.0,11.0,0.1746,0.1004,0.2862
qwen25-7b-1m,qa,niah_single,snapkv,0.5,ko,96.0,94.0,2.0,0.0,0.0,0.9792,0.0208,0.0057,0.0728,0.0,0.0,0.0385,2.0,2.0,94.0,2.0,0.0,0.0,0.0,0.0385
qwen25-7b-1m,qa,niah_single,snapkv,0.5,pl,75.0,44.0,24.0,7.0,0.0,0.5867,0.32,0.2254,0.4321,0.0933,0.0459,0.1803,8.0,8.0,44.0,24.0,8.0,0.1067,0.055,0.1966
qwen25-7b-1m,qa,niah_single,snapkv,0.5,sw,24.0,24.0,0.0,0.0,0.0,1.0,0.0,0.0,0.138,0.0,0.0,0.138,0.0,0.0,24.0,0.0,0.0,0.0,0.0,0.138
qwen25-7b-1m,qa,niah_single,snapkv,0.5,vi,43.0,6.0,19.0,18.0,0.0,0.1395,0.4419,0.3043,0.5889,0.4186,0.2838,0.5667,0.0,0.0,6.0,19.0,18.0,0.4186,0.2838,0.5667
qwen25-7b-1m,qa,niah_single,snapkv,0.5,zh,82.0,36.0,20.0,26.0,0.0,0.439,0.2439,0.1638,0.3469,0.3171,0.2265,0.424,1.0,1.0,36.0,20.0,27.0,0.3293,0.2372,0.4366
qwen25-7b-1m,qa,niah_single,streaming_llm,0.25,en,27.0,27.0,0.0,0.0,0.0,1.0,0.0,0.0,0.1246,0.0,0.0,0.1246,0.0,0.0,27.0,0.0,0.0,0.0,0.0,0.1246
qwen25-7b-1m,qa,niah_single,streaming_llm,0.25,ja,28.0,28.0,0.0,0.0,0.0,1.0,0.0,0.0,0.1206,0.0,0.0,0.1206,0.0,0.0,28.0,0.0,0.0,0.0,0.0,0.1206
qwen25-7b-1m,qa,niah_single,streaming_llm,0.25,ko,28.0,28.0,0.0,0.0,0.0,1.0,0.0,0.0,0.1206,0.0,0.0,0.1206,0.0,0.0,28.0,0.0,0.0,0.0,0.0,0.1206
qwen25-7b-1m,qa,niah_single,streaming_llm,0.25,pl,28.0,28.0,0.0,0.0,0.0,1.0,0.0,0.0,0.1206,0.0,0.0,0.1206,0.0,0.0,28.0,0.0,0.0,0.0,0.0,0.1206
qwen25-7b-1m,qa,niah_single,streaming_llm,0.25,sw,10.0,10.0,0.0,0.0,0.0,1.0,0.0,0.0,0.2775,0.0,0.0,0.2775,0.0,0.0,10.0,0.0,0.0,0.0,0.0,0.2775
qwen25-7b-1m,qa,niah_single,streaming_llm,0.25,vi,29.0,29.0,0.0,0.0,0.0,1.0,0.0,0.0,0.117,0.0,0.0,0.117,0.0,0.0,29.0,0.0,0.0,0.0,0.0,0.117
qwen25-7b-1m,qa,niah_single,streaming_llm,0.25,zh,27.0,27.0,0.0,0.0,0.0,1.0,0.0,0.0,0.1246,0.0,0.0,0.1246,0.0,0.0,27.0,0.0,0.0,0.0,0.0,0.1246
qwen25-7b-1m,qa,niah_single,streaming_llm,0.5,en,45.0,45.0,0.0,0.0,0.0,1.0,0.0,0.0,0.0787,0.0,0.0,0.0787,0.0,0.0,45.0,0.0,0.0,0.0,0.0,0.0787
qwen25-7b-1m,qa,niah_single,streaming_llm,0.5,ja,46.0,46.0,0.0,0.0,0.0,1.0,0.0,0.0,0.0771,0.0,0.0,0.0771,0.0,0.0,46.0,0.0,0.0,0.0,0.0,0.0771
qwen25-7b-1m,qa,niah_single,streaming_llm,0.5,ko,49.0,49.0,0.0,0.0,0.0,1.0,0.0,0.0,0.0727,0.0,0.0,0.0727,0.0,0.0,49.0,0.0,0.0,0.0,0.0,0.0727
qwen25-7b-1m,qa,niah_single,streaming_llm,0.5,pl,49.0,49.0,0.0,0.0,0.0,1.0,0.0,0.0,0.0727,0.0,0.0,0.0727,0.0,0.0,49.0,0.0,0.0,0.0,0.0,0.0727
qwen25-7b-1m,qa,niah_single,streaming_llm,0.5,sw,12.0,12.0,0.0,0.0,0.0,1.0,0.0,0.0,0.2425,0.0,0.0,0.2425,0.0,0.0,12.0,0.0,0.0,0.0,0.0,0.2425
qwen25-7b-1m,qa,niah_single,streaming_llm,0.5,vi,50.0,50.0,0.0,0.0,0.0,1.0,0.0,0.0,0.0714,0.0,0.0,0.0714,0.0,0.0,50.0,0.0,0.0,0.0,0.0,0.0714
qwen25-7b-1m,qa,niah_single,streaming_llm,0.5,zh,43.0,43.0,0.0,0.0,0.0,1.0,0.0,0.0,0.082,0.0,0.0,0.082,0.0,0.0,43.0,0.0,0.0,0.0,0.0,0.082
