model,arm,task,press,kept,n_answered,n_exact_copy,n_near_copy,n_novel,n_distractor_exact,exact_rate,near_rate,near_ci_low,near_ci_high,novel_rate,novel_ci_low,novel_ci_high,n_target_near_truncation,n_target_near_prefix,n_any_exact,n_any_near,n_any_novel,any_novel_rate,any_novel_ci_low,any_novel_ci_high,other_input_reference
llama31-8b,joint,niah_single,knorm,0.25,376.0,103.0,256.0,17.0,0.0,0.2739,0.6809,0.6321,0.7259,0.0452,0.0284,0.0712,243.0,243.0,103.0,261.0,21.0,0.0559,0.0368,0.0839,per-item full input
llama31-8b,joint,niah_single,knorm,0.5,553.0,347.0,202.0,4.0,0.0,0.6275,0.3653,0.3262,0.4062,0.0072,0.0028,0.0184,200.0,200.0,347.0,203.0,6.0,0.0108,0.005,0.0235,per-item full input
llama31-8b,joint,niah_single,none,1.0,654.0,654.0,0.0,0.0,0.0,1.0,0.0,0.0,0.0058,0.0,0.0,0.0058,0.0,0.0,654.0,0.0,0.0,0.0,0.0,0.0058,per-item full input
llama31-8b,joint,niah_single,snapkv,0.25,651.0,651.0,0.0,0.0,0.0,1.0,0.0,0.0,0.0059,0.0,0.0,0.0059,1.0,1.0,651.0,1.0,0.0,0.0,0.0,0.0059,per-item full input
llama31-8b,joint,niah_single,snapkv,0.5,652.0,652.0,0.0,0.0,0.0,1.0,0.0,0.0,0.0059,0.0,0.0,0.0059,0.0,0.0,652.0,0.0,0.0,0.0,0.0,0.0059,per-item full input
llama31-8b,joint,niah_single,streaming_llm,0.25,179.0,166.0,0.0,13.0,0.0,0.9274,0.0,0.0,0.021,0.0726,0.0429,0.1203,0.0,0.0,166.0,0.0,13.0,0.0726,0.0429,0.1203,per-item full input
llama31-8b,joint,niah_single,streaming_llm,0.5,305.0,292.0,0.0,13.0,0.0,0.9574,0.0,0.0,0.0124,0.0426,0.0251,0.0715,0.0,0.0,292.0,0.0,13.0,0.0426,0.0251,0.0715,per-item full input
llama31-8b,qa,niah_none,knorm,0.25,348.0,167.0,176.0,5.0,167.0,0.4799,0.5057,0.4534,0.5579,0.0144,0.0062,0.0332,0.0,0.0,167.0,255.0,47.0,0.1351,0.1031,0.175,per-item full input
llama31-8b,qa,niah_none,knorm,0.5,348.0,275.0,72.0,1.0,275.0,0.7902,0.2069,0.1676,0.2525,0.0029,0.0005,0.0161,0.0,0.0,275.0,174.0,39.0,0.1121,0.0831,0.1495,per-item full input
llama31-8b,qa,niah_none,none,1.0,397.0,396.0,0.0,1.0,396.0,0.9975,0.0,0.0,0.0096,0.0025,0.0004,0.0141,0.0,0.0,396.0,5.0,3.0,0.0076,0.0026,0.022,per-item full input
llama31-8b,qa,niah_none,snapkv,0.25,225.0,208.0,8.0,9.0,208.0,0.9244,0.0356,0.0181,0.0686,0.04,0.0212,0.0743,0.0,0.0,208.0,38.0,18.0,0.08,0.0512,0.1229,per-item full input
llama31-8b,qa,niah_none,snapkv,0.5,312.0,294.0,9.0,9.0,294.0,0.9423,0.0288,0.0152,0.0539,0.0288,0.0152,0.0539,0.0,0.0,294.0,45.0,35.0,0.1122,0.0818,0.152,per-item full input
llama31-8b,qa,niah_none,streaming_llm,0.25,228.0,227.0,0.0,1.0,227.0,0.9956,0.0,0.0,0.0166,0.0044,0.0008,0.0244,0.0,0.0,227.0,33.0,1.0,0.0044,0.0008,0.0244,per-item full input
llama31-8b,qa,niah_none,streaming_llm,0.5,365.0,355.0,0.0,10.0,355.0,0.9726,0.0,0.0,0.0104,0.0274,0.0149,0.0497,0.0,0.0,355.0,25.0,12.0,0.0329,0.0189,0.0566,per-item full input
llama31-8b,qa,niah_single,knorm,0.25,432.0,150.0,272.0,10.0,0.0,0.3472,0.6296,0.5831,0.6738,0.0231,0.0126,0.0421,263.0,263.0,150.0,274.0,13.0,0.0301,0.0177,0.0508,per-item full input
llama31-8b,qa,niah_single,knorm,0.5,636.0,424.0,209.0,3.0,0.0,0.6667,0.3286,0.2932,0.3661,0.0047,0.0016,0.0138,208.0,208.0,424.0,211.0,4.0,0.0063,0.0024,0.0161,per-item full input
llama31-8b,qa,niah_single,none,1.0,652.0,652.0,0.0,0.0,0.0,1.0,0.0,0.0,0.0059,0.0,0.0,0.0059,0.0,0.0,652.0,0.0,0.0,0.0,0.0,0.0059,per-item full input
llama31-8b,qa,niah_single,snapkv,0.25,302.0,268.0,21.0,13.0,0.0,0.8874,0.0695,0.0459,0.104,0.043,0.0253,0.0722,10.0,10.0,268.0,26.0,13.0,0.043,0.0253,0.0722,per-item full input
llama31-8b,qa,niah_single,snapkv,0.5,494.0,459.0,26.0,9.0,0.0,0.9291,0.0526,0.0362,0.076,0.0182,0.0096,0.0343,15.0,15.0,459.0,28.0,9.0,0.0182,0.0096,0.0343,per-item full input
llama31-8b,qa,niah_single,streaming_llm,0.25,176.0,174.0,0.0,2.0,0.0,0.9886,0.0,0.0,0.0214,0.0114,0.0031,0.0405,0.0,0.0,174.0,0.0,2.0,0.0114,0.0031,0.0405,per-item full input
llama31-8b,qa,niah_single,streaming_llm,0.5,308.0,306.0,0.0,2.0,0.0,0.9935,0.0,0.0,0.0123,0.0065,0.0018,0.0234,0.0,0.0,306.0,0.0,2.0,0.0065,0.0018,0.0234,per-item full input
qwen25-7b-1m,joint,niah_single,knorm,0.25,157.0,10.0,78.0,69.0,0.0,0.0637,0.4968,0.4196,0.5742,0.4395,0.3642,0.5177,28.0,28.0,10.0,79.0,69.0,0.4395,0.3642,0.5177,per-item full input
qwen25-7b-1m,joint,niah_single,knorm,0.5,388.0,117.0,221.0,50.0,0.0,0.3015,0.5696,0.5199,0.6179,0.1289,0.0991,0.1659,84.0,84.0,117.0,221.0,53.0,0.1366,0.106,0.1744,per-item full input
qwen25-7b-1m,joint,niah_single,none,1.0,650.0,649.0,1.0,0.0,0.0,0.9985,0.0015,0.0003,0.0087,0.0,0.0,0.0059,1.0,1.0,649.0,1.0,0.0,0.0,0.0,0.0059,per-item full input
qwen25-7b-1m,joint,niah_single,snapkv,0.25,645.0,640.0,5.0,0.0,0.0,0.9922,0.0078,0.0033,0.018,0.0,0.0,0.0059,2.0,2.0,640.0,5.0,0.0,0.0,0.0,0.0059,per-item full input
qwen25-7b-1m,joint,niah_single,snapkv,0.5,652.0,651.0,1.0,0.0,0.0,0.9985,0.0015,0.0003,0.0086,0.0,0.0,0.0059,0.0,0.0,651.0,1.0,0.0,0.0,0.0,0.0059,per-item full input
qwen25-7b-1m,joint,niah_single,streaming_llm,0.25,288.0,180.0,0.0,108.0,0.0,0.625,0.0,0.0,0.0132,0.375,0.3211,0.4322,0.0,0.0,180.0,0.0,108.0,0.375,0.3211,0.4322,per-item full input
qwen25-7b-1m,joint,niah_single,streaming_llm,0.5,366.0,305.0,0.0,61.0,0.0,0.8333,0.0,0.0,0.0104,0.1667,0.132,0.2083,0.0,0.0,305.0,0.0,61.0,0.1667,0.132,0.2083,per-item full input
qwen25-7b-1m,qa,niah_none,knorm,0.25,13.0,5.0,6.0,2.0,5.0,0.3846,0.4615,0.2321,0.7086,0.1538,0.0433,0.4224,0.0,0.0,5.0,10.0,9.0,0.6923,0.4237,0.8732,per-item full input
qwen25-7b-1m,qa,niah_none,knorm,0.5,61.0,52.0,7.0,2.0,52.0,0.8525,0.1148,0.0567,0.2184,0.0328,0.009,0.1119,0.0,0.0,52.0,38.0,6.0,0.0984,0.0459,0.1984,per-item full input
qwen25-7b-1m,qa,niah_none,none,1.0,155.0,155.0,0.0,0.0,155.0,1.0,0.0,0.0,0.0242,0.0,0.0,0.0242,0.0,0.0,155.0,0.0,0.0,0.0,0.0,0.0242,per-item full input
qwen25-7b-1m,qa,niah_none,snapkv,0.25,44.0,37.0,3.0,4.0,37.0,0.8409,0.0682,0.0235,0.1823,0.0909,0.0359,0.2116,0.0,0.0,37.0,21.0,15.0,0.3409,0.2188,0.4886,per-item full input
qwen25-7b-1m,qa,niah_none,snapkv,0.5,71.0,60.0,6.0,5.0,60.0,0.8451,0.0845,0.0393,0.1724,0.0704,0.0305,0.1545,0.0,0.0,60.0,24.0,10.0,0.1408,0.0783,0.2402,per-item full input
qwen25-7b-1m,qa,niah_none,streaming_llm,0.25,67.0,67.0,0.0,0.0,67.0,1.0,0.0,0.0,0.0542,0.0,0.0,0.0542,0.0,0.0,67.0,4.0,3.0,0.0448,0.0153,0.1236,per-item full input
qwen25-7b-1m,qa,niah_none,streaming_llm,0.5,88.0,88.0,0.0,0.0,88.0,1.0,0.0,0.0,0.0418,0.0,0.0,0.0418,0.0,0.0,88.0,4.0,2.0,0.0227,0.0063,0.0791,per-item full input
qwen25-7b-1m,qa,niah_single,knorm,0.25,96.0,13.0,58.0,25.0,0.0,0.1354,0.6042,0.5041,0.6962,0.2604,0.1831,0.3562,23.0,23.0,13.0,59.0,26.0,0.2708,0.192,0.3673,per-item full input
qwen25-7b-1m,qa,niah_single,knorm,0.5,322.0,112.0,179.0,31.0,0.0,0.3478,0.5559,0.5013,0.6092,0.0963,0.0687,0.1334,57.0,57.0,112.0,179.0,31.0,0.0963,0.0687,0.1334,per-item full input
qwen25-7b-1m,qa,niah_single,none,1.0,641.0,640.0,1.0,0.0,0.0,0.9984,0.0016,0.0003,0.0088,0.0,0.0,0.006,1.0,1.0,640.0,1.0,0.0,0.0,0.0,0.006,per-item full input
qwen25-7b-1m,qa,niah_single,snapkv,0.25,265.0,110.0,82.0,73.0,0.0,0.4151,0.3094,0.2568,0.3675,0.2755,0.2252,0.3322,7.0,7.0,110.0,82.0,73.0,0.2755,0.2252,0.3322,per-item full input
qwen25-7b-1m,qa,niah_single,snapkv,0.5,464.0,258.0,133.0,73.0,0.0,0.556,0.2866,0.2474,0.3294,0.1573,0.127,0.1933,12.0,12.0,258.0,133.0,75.0,0.1616,0.1309,0.1979,per-item full input
qwen25-7b-1m,qa,niah_single,streaming_llm,0.25,177.0,177.0,0.0,0.0,0.0,1.0,0.0,0.0,0.0212,0.0,0.0,0.0212,0.0,0.0,177.0,0.0,0.0,0.0,0.0,0.0212,per-item full input
qwen25-7b-1m,qa,niah_single,streaming_llm,0.5,294.0,294.0,0.0,0.0,0.0,1.0,0.0,0.0,0.0129,0.0,0.0,0.0129,0.0,0.0,294.0,0.0,0.0,0.0,0.0,0.0129,per-item full input
